neighborhood,area,bedrooms,pool,date,price
Neighborhood 2,1613,1,0,Sep-18,397216
Neighborhood 1,2080,2,1,Sep-18,516024
Neighborhood 1,2106,1,0,Sep-18,439494
Neighborhood 1,2201,2,1,Sep-18,499645
Neighborhood 1,2120,2,0,Sep-18,533729
Neighborhood 2,1456,2,0,Sep-18,584370
Neighborhood 2,1288,1,0,Sep-18,385077
Neighborhood 2,1488,2,0,Sep-18,583357
Neighborhood 1,2265,3,0,Sep-18,561206
Neighborhood 2,1439,1,0,Sep-18,373567
Neighborhood 1,2015,4,0,Sep-18,729015
Neighborhood 2,1446,1,0,Sep-18,456389
Neighborhood 2,1295,1,0,Sep-18,538578
Neighborhood 2,1393,1,0,Sep-18,607059
Neighborhood 1,2029,2,0,Sep-18,496028
Neighborhood 2,1349,1,0,Sep-18,292741
Neighborhood 1,2039,2,0,Sep-18,579652
Neighborhood 2,2065,1,0,Sep-18,512743
Neighborhood 2,1445,1,0,Sep-18,523677
Neighborhood 1,2039,2,0,Sep-18,428415
Neighborhood 1,2275,2,1,Sep-18,557596
Neighborhood 1,2217,4,0,Sep-18,565879
Neighborhood 2,1755,1,0,Sep-18,620705
Neighborhood 2,1595,1,0,Sep-18,758736
Neighborhood 1,2421,2,0,Sep-18,517089
Neighborhood 2,1458,1,0,Sep-18,420167
Neighborhood 2,1605,1,0,Sep-18,525925
Neighborhood 2,1601,1,0,Sep-18,670475
Neighborhood 2,1345,1,0,Sep-18,528065
Neighborhood 2,1955,1,0,Sep-18,471924
Neighborhood 2,1611,1,0,Sep-18,515879
Neighborhood 1,2251,3,1,Sep-18,571574
Neighborhood 1,2117,2,0,Sep-18,552098
Neighborhood 2,1824,1,0,Sep-18,568027
Neighborhood 2,1221,1,1,Sep-18,499391
Neighborhood 2,1356,1,0,Sep-18,597581
Neighborhood 2,1487,1,0,Sep-18,517181
Neighborhood 1,2059,2,0,Sep-18,872322
Neighborhood 2,1475,1,0,Sep-18,427549
Neighborhood 2,1234,1,0,Sep-18,425741
Neighborhood 2,1582,1,0,Sep-18,463416
Neighborhood 2,2065,1,0,Sep-18,535803
Neighborhood 2,1486,3,0,Sep-18,508025
Neighborhood 2,1838,1,0,Sep-18,555663
Neighborhood 2,1412,1,0,Sep-18,505157
Neighborhood 2,1768,1,0,Sep-18,574454
Neighborhood 2,1254,1,0,Sep-18,470642
Neighborhood 1,2187,3,0,Sep-18,740098
Neighborhood 1,2137,3,1,Sep-18,470630
Neighborhood 2,1555,1,0,Sep-18,722483
Neighborhood 2,1685,1,0,Sep-18,527857
Neighborhood 1,2348,3,0,Sep-18,788193
Neighborhood 2,1808,2,0,Sep-18,367002
Neighborhood 1,2085,2,0,Sep-18,862723
Neighborhood 1,2126,2,1,Sep-18,432572
Neighborhood 1,2011,3,1,Sep-18,450161
Neighborhood 2,1510,1,0,Sep-18,443666
Neighborhood 1,2098,2,0,Sep-18,570042
Neighborhood 2,1728,2,0,Sep-18,409601
Neighborhood 2,1580,1,0,Sep-18,533256
Neighborhood 1,2169,3,0,Sep-18,680309
Neighborhood 2,1691,2,0,Sep-18,468383
Neighborhood 2,1698,1,1,Sep-18,554802
Neighborhood 1,2205,2,0,Sep-18,635555
Neighborhood 2,1262,1,0,Sep-18,479747
Neighborhood 2,1637,1,0,Sep-18,430078
Neighborhood 2,1580,1,0,Sep-18,586379
Neighborhood 1,2052,2,0,Sep-18,675712
Neighborhood 1,2097,2,0,Sep-18,790755
Neighborhood 2,1608,1,0,Sep-18,356533
Neighborhood 2,1510,1,0,Sep-18,575388
Neighborhood 2,1612,1,0,Sep-18,485754
Neighborhood 2,1376,2,0,Sep-18,387902
Neighborhood 2,1365,1,0,Sep-18,357454
Neighborhood 1,2077,3,0,Sep-18,645618
Neighborhood 1,2190,1,0,Sep-18,604209
Neighborhood 1,2260,2,1,Sep-18,359229
Neighborhood 2,1678,1,0,Sep-18,504136
Neighborhood 2,1403,2,0,Sep-18,297563
Neighborhood 2,1698,1,0,Sep-18,512579
Neighborhood 2,1661,1,0,Sep-18,467315
Neighborhood 2,1667,1,0,Sep-18,563364
Neighborhood 1,2340,2,1,Sep-18,475034
Neighborhood 2,1728,1,0,Sep-18,342132
Neighborhood 2,1321,3,0,Sep-18,586885
Neighborhood 2,1428,2,0,Sep-18,378943
Neighborhood 1,2364,2,0,Sep-18,666817
Neighborhood 1,2010,2,0,Sep-18,716432
Neighborhood 2,1424,1,0,Sep-18,287893
Neighborhood 1,2206,2,0,Sep-18,486962
Neighborhood 2,1903,1,0,Sep-18,472191
Neighborhood 1,2162,2,0,Sep-18,403957
Neighborhood 2,1575,1,0,Sep-18,368247
Neighborhood 2,1521,1,0,Sep-18,334204
Neighborhood 1,2313,2,0,Sep-18,733085
Neighborhood 2,1783,1,0,Sep-18,436085
Neighborhood 1,2067,2,0,Sep-18,593107
Neighborhood 1,2156,2,1,Sep-18,666693
Neighborhood 1,2311,2,0,Sep-18,595674
Neighborhood 1,2535,2,0,Sep-18,534081
Neighborhood 1,2062,2,1,Sep-18,485092
Neighborhood 2,1511,1,0,Sep-18,399606
Neighborhood 2,1857,1,0,Sep-18,721633
Neighborhood 1,2412,3,0,Sep-18,755611
Neighborhood 2,1407,1,0,Sep-18,417225
Neighborhood 2,1684,1,0,Sep-18,586855
Neighborhood 1,2375,4,0,Sep-18,393960
Neighborhood 2,2043,1,0,Sep-18,492568
Neighborhood 1,2135,2,0,Sep-18,570296
Neighborhood 2,1598,1,0,Sep-18,465394
Neighborhood 2,1643,1,1,Sep-18,487407
Neighborhood 2,1686,2,0,Sep-18,466204
Neighborhood 1,2010,1,0,Sep-18,615098
Neighborhood 2,1338,1,0,Sep-18,598367
Neighborhood 2,1312,1,0,Sep-18,556391
Neighborhood 2,1641,2,1,Sep-18,455229
Neighborhood 2,1249,1,0,Sep-18,402551
Neighborhood 1,2144,2,0,Sep-18,794942
Neighborhood 2,1274,1,0,Sep-18,385094
Neighborhood 2,1796,1,1,Sep-18,367669
Neighborhood 2,1421,1,1,Sep-18,499189
Neighborhood 1,2433,2,1,Sep-18,767945
Neighborhood 2,1365,1,0,Sep-18,407555
Neighborhood 1,2277,2,0,Sep-18,720733
Neighborhood 2,1451,1,0,Sep-18,498231
Neighborhood 2,1591,1,0,Sep-18,462958
Neighborhood 1,2253,4,0,Sep-18,829228
Neighborhood 2,1734,1,0,Sep-18,359931
Neighborhood 2,1360,2,0,Sep-18,468427
Neighborhood 2,1449,1,0,Sep-18,437609
Neighborhood 1,2107,2,0,Sep-18,682072
Neighborhood 2,1534,1,0,Sep-18,588737
Neighborhood 2,1543,1,0,Sep-18,386149
Neighborhood 1,2367,2,0,Sep-18,830013
Neighborhood 1,2047,2,0,Sep-18,830243
Neighborhood 2,1455,1,0,Sep-18,506427
Neighborhood 2,1360,1,0,Sep-18,590530
Neighborhood 2,1688,1,0,Sep-18,325639
Neighborhood 1,2246,2,0,Sep-18,603722
Neighborhood 1,2187,4,0,Sep-18,827346
Neighborhood 1,2021,2,0,Sep-18,590614
Neighborhood 2,1554,1,0,Sep-18,509996
Neighborhood 2,1625,1,0,Sep-18,412886
Neighborhood 1,2111,3,0,Sep-18,585263
Neighborhood 2,1234,1,0,Sep-18,582594
Neighborhood 2,1268,1,0,Sep-18,491662
Neighborhood 1,2300,4,1,Sep-18,486725
Neighborhood 2,1705,2,0,Sep-18,506501
Neighborhood 2,1542,1,0,Sep-18,510438
Neighborhood 2,1491,1,0,Sep-18,447435
Neighborhood 2,1421,1,0,Sep-18,588535
Neighborhood 1,2058,2,0,Sep-18,847420
Neighborhood 2,1664,3,0,Sep-18,259238
Neighborhood 2,1604,1,0,Sep-18,563600
Neighborhood 2,1385,1,0,Sep-18,499586
Neighborhood 1,2344,2,0,Sep-18,660240
Neighborhood 1,2067,1,0,Sep-18,323803
Neighborhood 2,1503,2,0,Sep-18,453218
Neighborhood 2,1759,2,0,Sep-18,301997
Neighborhood 1,2140,2,0,Sep-18,668563
Neighborhood 2,1465,1,0,Sep-18,604444
Neighborhood 2,1424,1,0,Sep-18,722500
Neighborhood 1,2347,2,0,Sep-18,526265
Neighborhood 2,1640,1,0,Sep-18,442675
Neighborhood 1,2341,2,1,Sep-18,518741
Neighborhood 2,1830,3,1,Sep-18,531906
Neighborhood 1,2236,2,0,Sep-18,613313
Neighborhood 2,1283,2,0,Sep-18,289428
Neighborhood 2,1339,1,0,Sep-18,697657
Neighborhood 2,1455,1,0,Sep-18,600622
Neighborhood 2,1792,1,0,Sep-18,269615
Neighborhood 2,1306,1,0,Sep-18,342669
Neighborhood 1,2263,2,0,Sep-18,476448
Neighborhood 1,2466,2,0,Sep-18,551417
Neighborhood 2,1523,1,0,Sep-18,695243
Neighborhood 2,1551,1,0,Sep-18,613922
Neighborhood 2,1517,1,0,Sep-18,397125
Neighborhood 2,1227,1,0,Sep-18,427462
Neighborhood 1,2314,2,0,Sep-18,901260
Neighborhood 2,1621,2,0,Sep-18,536401
Neighborhood 1,2241,2,0,Sep-18,667572
Neighborhood 2,1545,1,0,Sep-18,399335
Neighborhood 2,1355,2,0,Sep-18,372400
Neighborhood 2,1497,1,1,Sep-18,707440
Neighborhood 2,1404,1,1,Sep-18,521083
Neighborhood 2,1550,1,0,Sep-18,488277
Neighborhood 2,1484,3,0,Sep-18,546824
Neighborhood 2,1544,1,1,Sep-18,390790
Neighborhood 2,1390,2,1,Sep-18,599769
Neighborhood 2,1459,1,0,Sep-18,480904
Neighborhood 2,1689,1,0,Sep-18,526860
Neighborhood 2,1594,1,0,Sep-18,279416
Neighborhood 1,2389,2,0,Sep-18,814162
Neighborhood 2,1635,1,0,Sep-18,495201
Neighborhood 2,1545,1,0,Sep-18,565556
Neighborhood 2,1354,1,1,Sep-18,656947
Neighborhood 1,2655,2,0,Sep-18,601961
Neighborhood 1,2247,3,0,Sep-18,635562
Neighborhood 2,1498,1,0,Sep-18,381745
Neighborhood 1,2171,2,0,Sep-18,647992
Neighborhood 1,2069,2,1,Sep-18,560866
Neighborhood 1,2284,3,0,Sep-18,648645
Neighborhood 2,1386,1,0,Sep-18,326517
Neighborhood 1,2080,2,0,Sep-18,435943
Neighborhood 1,2055,2,0,Sep-18,688988
Neighborhood 2,1658,1,0,Sep-18,546509
Neighborhood 1,2005,2,0,Sep-18,513280
Neighborhood 2,1643,1,0,Sep-18,599813
Neighborhood 2,1626,1,0,Sep-18,298309
Neighborhood 1,2014,1,0,Sep-18,704229
Neighborhood 1,2236,2,0,Sep-18,518966
Neighborhood 2,1350,2,0,Sep-18,507983
Neighborhood 1,2382,2,1,Sep-18,721246
Neighborhood 2,1331,1,0,Sep-18,611631
Neighborhood 1,2040,2,0,Sep-18,490009
Neighborhood 2,1634,2,0,Sep-18,452751
Neighborhood 2,1517,1,0,Sep-18,409931
Neighborhood 2,1359,1,0,Sep-18,493194
Neighborhood 2,1456,1,0,Sep-18,358122
Neighborhood 2,1579,1,0,Sep-18,334909
Neighborhood 1,2267,4,0,Sep-18,573402
Neighborhood 2,1446,1,0,Sep-18,577714
Neighborhood 1,2040,2,0,Sep-18,497973
Neighborhood 1,2168,2,1,Sep-18,593674
Neighborhood 2,1592,1,0,Sep-18,412469
Neighborhood 1,2152,2,0,Sep-18,660223
Neighborhood 2,1773,1,0,Sep-18,601841
Neighborhood 2,1442,1,0,Sep-18,339522
Neighborhood 1,2215,2,0,Sep-18,419553
Neighborhood 2,1363,1,0,Sep-18,685535
Neighborhood 2,1431,1,0,Sep-18,370639
Neighborhood 2,1335,1,1,Sep-18,568483
Neighborhood 1,2044,2,0,Sep-18,566811
Neighborhood 1,2243,3,0,Sep-18,496980
Neighborhood 1,2194,1,0,Sep-18,578974
Neighborhood 1,2055,2,0,Sep-18,521344
Neighborhood 1,2181,1,0,Sep-18,664535
Neighborhood 1,2159,3,0,Sep-18,502163
Neighborhood 2,1280,1,0,Sep-18,554569
Neighborhood 2,1467,1,0,Sep-18,645395
Neighborhood 2,1670,1,0,Sep-18,401551
Neighborhood 2,1258,1,0,Sep-18,506938
Neighborhood 1,2061,1,0,Sep-18,712100
Neighborhood 2,1326,1,0,Sep-18,368838
Neighborhood 2,1744,1,0,Sep-18,516600
Neighborhood 2,1588,3,0,Sep-18,414429
Neighborhood 1,2097,2,0,Sep-18,696836
Neighborhood 2,1246,1,1,Sep-18,651818
Neighborhood 2,1427,1,0,Sep-18,615141
Neighborhood 1,2166,2,1,Sep-18,422539
Neighborhood 1,2154,2,0,Sep-18,570948
Neighborhood 1,2076,2,0,Sep-18,403693
Neighborhood 2,1238,1,0,Sep-18,529548
Neighborhood 2,1576,1,0,Sep-18,241418
Neighborhood 2,1580,1,0,Sep-18,417404
Neighborhood 2,1606,1,0,Sep-18,596592
Neighborhood 1,2328,2,0,Sep-18,671748
Neighborhood 1,2006,2,0,Sep-18,617005
Neighborhood 2,1758,1,0,Sep-18,387004
Neighborhood 2,1437,2,0,Sep-18,560780
Neighborhood 2,1638,3,0,Sep-18,272467
Neighborhood 2,1373,1,0,Sep-18,367269
Neighborhood 2,1645,1,0,Sep-18,422733
Neighborhood 1,2045,2,0,Sep-18,617509
Neighborhood 2,1450,2,0,Sep-18,568743
Neighborhood 1,2019,2,0,Sep-18,573288
Neighborhood 2,1659,1,0,Sep-18,462560
Neighborhood 2,1748,3,0,Sep-18,568647
Neighborhood 1,2171,4,0,Sep-18,701484
Neighborhood 2,1292,1,0,Sep-18,536473
Neighborhood 2,1601,1,0,Sep-18,418884
Neighborhood 1,2298,3,0,Sep-18,583031
Neighborhood 1,2188,2,0,Sep-18,506301
Neighborhood 2,1686,1,0,Sep-18,539207
Neighborhood 1,2198,3,0,Sep-18,627840
Neighborhood 2,1371,1,0,Sep-18,537126
Neighborhood 2,1628,1,0,Sep-18,610641
Neighborhood 1,2084,2,0,Sep-18,566494
Neighborhood 2,1574,1,0,Sep-18,432316
Neighborhood 1,2361,3,0,Sep-18,572276
Neighborhood 2,1225,1,0,Sep-18,610313
Neighborhood 2,1466,1,0,Sep-18,533569
Neighborhood 2,1585,1,0,Sep-18,692850
Neighborhood 1,2380,3,0,Sep-18,590683
Neighborhood 2,1549,2,0,Sep-18,487472
Neighborhood 2,1547,2,0,Sep-18,418707
Neighborhood 2,1285,2,0,Sep-18,557327
Neighborhood 1,2368,2,0,Sep-18,725951
Neighborhood 1,2133,2,0,Sep-18,621321
Neighborhood 1,2079,3,0,Sep-18,617180
Neighborhood 2,1547,1,0,Sep-18,458113
Neighborhood 2,1525,1,0,Sep-18,497937
Neighborhood 2,1771,2,0,Sep-18,517411
Neighborhood 1,2542,1,1,Sep-18,630067
Neighborhood 2,1465,1,0,Sep-18,302522
Neighborhood 2,1571,1,0,Sep-18,570929
Neighborhood 1,2196,2,0,Sep-18,787634
Neighborhood 1,2235,2,0,Sep-18,540265
Neighborhood 2,1527,1,0,Sep-18,477007
Neighborhood 2,1357,1,0,Sep-18,471568
Neighborhood 1,2332,4,1,Sep-18,439476
Neighborhood 2,1396,1,0,Sep-18,459832
Neighborhood 2,1343,1,0,Sep-18,478223
Neighborhood 2,1844,1,0,Sep-18,681165
Neighborhood 1,2086,3,0,Sep-18,823469
Neighborhood 2,1346,1,0,Sep-18,571611
Neighborhood 2,1577,1,0,Sep-18,344243
Neighborhood 1,2542,4,0,Sep-18,616631
Neighborhood 2,1353,1,0,Sep-18,415314
Neighborhood 1,2296,3,0,Sep-18,489779
Neighborhood 2,1487,3,0,Sep-18,418252
Neighborhood 2,1358,2,0,Sep-18,533562
Neighborhood 1,2148,2,1,Sep-18,791793
Neighborhood 2,1502,1,0,Sep-18,483122
Neighborhood 1,2112,2,1,Sep-18,459337
Neighborhood 2,1487,1,0,Sep-18,501797
Neighborhood 2,1519,1,0,Sep-18,663477
Neighborhood 2,1494,1,0,Sep-18,421070
Neighborhood 2,1462,1,0,Sep-18,436994
Neighborhood 2,1499,3,0,Sep-18,394470
Neighborhood 2,1624,1,0,Sep-18,418140
Neighborhood 1,2101,4,0,Sep-18,423248
Neighborhood 1,2207,2,0,Sep-18,477549
Neighborhood 2,1790,1,0,Sep-18,471510
Neighborhood 1,2250,2,0,Sep-18,865145
Neighborhood 2,1756,1,0,Sep-18,226129
Neighborhood 2,1412,1,0,Sep-18,283451
Neighborhood 2,1354,1,0,Sep-18,663092
Neighborhood 1,2213,2,0,Sep-18,656831
Neighborhood 1,2152,2,0,Sep-18,505811
Neighborhood 1,2227,2,0,Sep-18,536520
Neighborhood 1,2086,3,0,Sep-18,606913
Neighborhood 1,2064,2,1,Sep-18,660649
Neighborhood 1,2012,3,0,Sep-18,671599
Neighborhood 1,2083,3,0,Sep-18,554138
Neighborhood 1,2305,2,0,Sep-18,675743
Neighborhood 2,1794,2,0,Sep-18,559724
Neighborhood 2,1283,1,0,Sep-18,341179
Neighborhood 2,1441,1,0,Sep-18,276467
Neighborhood 1,2124,4,0,Sep-18,447750
Neighborhood 2,1382,2,0,Sep-18,562050
Neighborhood 2,1731,1,0,Sep-18,554954
Neighborhood 2,1362,1,0,Sep-18,371494
Neighborhood 1,2163,2,0,Sep-18,528104
Neighborhood 1,2009,2,1,Sep-18,731322
Neighborhood 2,1634,1,0,Sep-18,710075
Neighborhood 2,1616,1,0,Sep-18,485896
Neighborhood 2,1459,1,0,Sep-18,408411
Neighborhood 2,1483,1,0,Sep-18,724970
Neighborhood 1,2025,2,0,Sep-18,540622
Neighborhood 1,2118,2,0,Sep-18,518611
Neighborhood 2,1443,1,0,Sep-18,452459
Neighborhood 1,2185,3,0,Sep-18,525401
Neighborhood 2,1489,1,0,Sep-18,625210
Neighborhood 1,2328,3,0,Sep-18,342885
Neighborhood 2,1600,1,0,Sep-18,449883
Neighborhood 2,1467,1,0,Sep-18,542171
Neighborhood 2,1595,3,0,Sep-18,353170
Neighborhood 2,1408,1,0,Sep-18,293407
Neighborhood 2,1537,1,0,Sep-18,465493
Neighborhood 2,1344,1,0,Sep-18,300286
Neighborhood 1,2109,3,0,Sep-18,446243
Neighborhood 2,1420,2,0,Sep-18,613670
Neighborhood 1,2013,2,0,Sep-18,509025
Neighborhood 2,1319,1,0,Sep-18,442887
Neighborhood 1,2204,2,0,Sep-18,636685
Neighborhood 1,2310,2,0,Sep-18,358697
Neighborhood 1,2080,2,0,Sep-18,428342
Neighborhood 1,2050,2,0,Sep-18,616589
Neighborhood 1,2156,2,0,Sep-18,577796
Neighborhood 2,1393,1,1,Sep-18,550972
Neighborhood 2,1358,1,1,Sep-18,473303
Neighborhood 2,1539,1,0,Sep-18,475651
Neighborhood 1,2286,2,1,Sep-18,417468
Neighborhood 2,1345,1,0,Sep-18,653732
Neighborhood 2,1601,1,0,Sep-18,522039
Neighborhood 2,1440,1,0,Sep-18,557665
Neighborhood 2,1466,1,0,Sep-18,582269
Neighborhood 2,1626,1,1,Sep-18,599185
Neighborhood 1,2006,3,0,Sep-18,711844
Neighborhood 1,2128,2,0,Sep-18,778957
Neighborhood 2,1562,1,0,Sep-18,394411
Neighborhood 2,1904,2,0,Sep-18,415251
Neighborhood 2,1466,1,0,Sep-18,513568
Neighborhood 2,1326,1,0,Sep-18,493839
Neighborhood 1,2251,2,1,Sep-18,612503
Neighborhood 2,1558,1,0,Sep-18,698608
Neighborhood 1,2422,3,0,Sep-18,512122
Neighborhood 2,1460,1,0,Sep-18,563760
Neighborhood 1,2098,2,0,Sep-18,615218
Neighborhood 1,2091,3,0,Sep-18,585321
Neighborhood 2,1605,2,0,Sep-18,475623
Neighborhood 2,1613,1,0,Sep-18,390005
Neighborhood 2,1632,1,0,Sep-18,364932
Neighborhood 1,2218,2,0,Sep-18,521192
Neighborhood 2,1523,1,0,Sep-18,528385
Neighborhood 2,1748,1,0,Sep-18,508896
Neighborhood 2,1563,1,0,Sep-18,472811
Neighborhood 2,1430,3,0,Sep-18,524728
Neighborhood 2,1265,1,0,Sep-18,420143
Neighborhood 2,1826,1,0,Sep-18,515684
Neighborhood 2,1826,1,0,Sep-18,436593
Neighborhood 2,1867,1,0,Sep-18,327307
Neighborhood 2,1305,1,0,Sep-18,390220
Neighborhood 1,2127,3,0,Sep-18,402011
Neighborhood 2,1732,1,0,Sep-18,625086
Neighborhood 2,1521,2,0,Sep-18,379467
Neighborhood 1,2015,2,0,Sep-18,783876
Neighborhood 2,1409,1,0,Sep-18,681720
Neighborhood 1,2318,2,1,Sep-18,533014
Neighborhood 2,1654,1,1,Sep-18,455599
Neighborhood 1,2108,2,0,Sep-18,550675
Neighborhood 2,1428,2,1,Sep-18,372539
Neighborhood 2,1272,1,0,Sep-18,587439
Neighborhood 2,1342,1,0,Sep-18,313717
Neighborhood 2,1555,1,0,Sep-18,403656
Neighborhood 2,1237,2,0,Sep-18,629514
Neighborhood 1,2167,2,0,Sep-18,562590
Neighborhood 2,1379,1,0,Sep-18,541774
Neighborhood 1,2193,3,0,Sep-18,582525
Neighborhood 2,1562,1,0,Sep-18,422727
Neighborhood 2,1754,1,0,Sep-18,317534
Neighborhood 2,1793,1,0,Sep-18,411672
Neighborhood 1,2058,2,0,Sep-18,583768
Neighborhood 2,1358,1,0,Sep-18,646697
Neighborhood 2,1387,3,0,Sep-18,572013
Neighborhood 2,1725,1,0,Sep-18,628019
Neighborhood 1,2127,3,0,Sep-18,670383
Neighborhood 2,1447,2,0,Sep-18,528266
Neighborhood 2,1418,1,0,Sep-18,485436
Neighborhood 1,2505,2,0,Sep-18,805467
Neighborhood 2,1510,1,0,Sep-18,545088
Neighborhood 2,1496,1,0,Sep-18,488169
Neighborhood 2,1370,1,0,Sep-18,615583
Neighborhood 1,2033,2,0,Sep-18,670157
Neighborhood 2,1454,1,0,Sep-18,319031
Neighborhood 1,2239,2,1,Sep-18,615210
Neighborhood 2,1536,2,0,Sep-18,457079
Neighborhood 1,2363,2,1,Sep-18,383432
Neighborhood 2,1355,1,0,Sep-18,511521
Neighborhood 1,2178,2,1,Sep-18,558956
Neighborhood 2,1514,1,0,Sep-18,483187
Neighborhood 1,2315,2,1,Sep-18,519442
Neighborhood 2,1515,2,0,Sep-18,509232
Neighborhood 1,2422,2,0,Sep-18,627653
Neighborhood 2,1338,1,0,Sep-18,606517
Neighborhood 2,1670,1,0,Sep-18,603441
Neighborhood 2,1356,1,0,Sep-18,462117
Neighborhood 2,1789,1,0,Sep-18,432361
Neighborhood 2,1697,1,0,Sep-18,499226
Neighborhood 2,1364,1,0,Sep-18,514048
Neighborhood 2,1567,2,0,Sep-18,387761
Neighborhood 1,2040,3,0,Sep-18,487265
Neighborhood 2,1273,2,1,Sep-18,421291
Neighborhood 1,2004,2,1,Sep-18,893748
Neighborhood 1,2303,2,1,Sep-18,899245
Neighborhood 2,1829,1,0,Sep-18,458057
Neighborhood 1,2107,2,1,Sep-18,447059
Neighborhood 1,2068,2,0,Sep-18,475291
Neighborhood 2,1427,1,0,Sep-18,610595
Neighborhood 2,1663,1,0,Sep-18,357311
Neighborhood 1,2070,2,0,Sep-18,431150
Neighborhood 2,1586,2,0,Sep-18,528917
Neighborhood 2,1651,3,0,Sep-18,606615
Neighborhood 2,1430,1,0,Sep-18,545068
Neighborhood 2,1603,1,0,Sep-18,363286
Neighborhood 1,2282,2,0,Sep-18,748353
Neighborhood 1,2561,2,0,Sep-18,694852
Neighborhood 2,1564,1,0,Sep-18,539422
Neighborhood 2,1443,1,0,Sep-18,606342
Neighborhood 2,1608,1,0,Sep-18,510193
Neighborhood 1,2112,1,0,Sep-18,822190
Neighborhood 2,1735,1,0,Sep-18,659597
Neighborhood 2,1521,1,0,Sep-18,479284
Neighborhood 1,2005,3,0,Sep-18,487109
Neighborhood 2,1485,2,0,Sep-18,434653
Neighborhood 2,1392,2,0,Sep-18,481652
Neighborhood 2,1381,1,0,Sep-18,642095
Neighborhood 1,2043,3,0,Sep-18,451677
Neighborhood 1,2368,2,0,Sep-18,595060
Neighborhood 2,1617,1,0,Sep-18,432918
Neighborhood 2,1700,1,0,Sep-18,578155
Neighborhood 1,2222,1,0,Sep-18,418357
Neighborhood 1,2182,2,0,Sep-18,415090
Neighborhood 2,1635,1,0,Sep-18,323256
Neighborhood 2,1516,1,0,Sep-18,548597
Neighborhood 2,1401,2,0,Sep-18,394989
Neighborhood 1,2233,2,0,Sep-18,600090
Neighborhood 1,2230,2,1,Sep-18,853730
Neighborhood 2,1706,1,0,Sep-18,460173
Neighborhood 2,1204,1,0,Sep-18,507500
Neighborhood 2,1623,2,0,Sep-18,703528
Neighborhood 2,1686,1,0,Sep-18,563965
Neighborhood 1,2523,3,0,Sep-18,504256
Neighborhood 2,1537,1,0,Sep-18,442170
Neighborhood 2,1397,1,0,Sep-18,634390
Neighborhood 2,1704,1,0,Sep-18,624068
Neighborhood 1,2137,1,0,Sep-18,572472
Neighborhood 2,1904,1,0,Sep-18,314177
Neighborhood 1,2235,2,0,Sep-18,451265
Neighborhood 2,1366,1,0,Sep-18,388008
Neighborhood 1,2127,4,1,Sep-18,661924
Neighborhood 2,1630,1,0,Sep-18,470775
Neighborhood 1,2244,2,0,Sep-18,446212
Neighborhood 2,1326,1,0,Sep-18,520135
Neighborhood 2,1285,3,0,Sep-18,457650
Neighborhood 2,1495,1,0,Sep-18,539713
Neighborhood 2,1500,1,0,Sep-18,393956
Neighborhood 2,1704,1,0,Sep-18,473870
Neighborhood 1,2084,3,0,Sep-18,680640
Neighborhood 2,1549,1,1,Sep-18,363216
Neighborhood 2,1455,1,0,Sep-18,643765
Neighborhood 2,1732,1,0,Sep-18,472351
Neighborhood 1,2088,2,0,Sep-18,573221
Neighborhood 1,2204,4,0,Sep-18,574133
Neighborhood 2,1812,1,0,Sep-18,501818
Neighborhood 2,1779,2,0,Sep-18,426486
Neighborhood 2,1500,2,0,Sep-18,780873
Neighborhood 1,2021,2,0,Sep-18,771506
Neighborhood 1,2125,3,1,Sep-18,544208
Neighborhood 1,2179,2,1,Sep-18,797879
Neighborhood 2,1344,1,0,Sep-18,586530
Neighborhood 2,1489,1,0,Sep-18,256729
Neighborhood 2,1758,1,0,Sep-18,582317
Neighborhood 2,1350,3,0,Sep-18,610706
Neighborhood 2,2065,1,0,Sep-18,502485
Neighborhood 2,1535,1,0,Sep-18,555130
Neighborhood 1,2630,2,1,Sep-18,586601
Neighborhood 2,1624,1,0,Sep-18,426684
Neighborhood 1,2397,2,0,Sep-18,587693
Neighborhood 2,1574,1,0,Sep-18,384833
Neighborhood 2,1435,1,0,Sep-18,513586
Neighborhood 2,1526,1,0,Sep-18,495468
Neighborhood 2,1374,1,0,Sep-18,239231
Neighborhood 2,1381,2,0,Sep-18,543168
Neighborhood 2,1623,1,0,Sep-18,267791
Neighborhood 2,1723,1,0,Sep-18,404856
Neighborhood 2,1538,1,0,Sep-18,613505
Neighborhood 2,1819,2,0,Sep-18,466467
Neighborhood 2,1838,1,0,Sep-18,470784
Neighborhood 1,2164,2,0,Sep-18,626468
Neighborhood 2,1570,1,0,Sep-18,427342
Neighborhood 1,2117,2,1,Sep-18,659337
Neighborhood 2,2061,1,0,Sep-18,332625
Neighborhood 1,2041,2,0,Sep-18,565949
Neighborhood 1,2135,2,0,Sep-18,573405
Neighborhood 2,1422,1,0,Sep-18,611911
Neighborhood 2,1705,2,0,Sep-18,398252
Neighborhood 1,2246,2,0,Sep-18,578203
Neighborhood 1,2120,2,1,Sep-18,411046
Neighborhood 2,1646,1,0,Sep-18,483127
Neighborhood 2,1516,1,0,Sep-18,568928
Neighborhood 2,1315,1,0,Sep-18,504964
Neighborhood 1,2110,2,0,Sep-18,574488
Neighborhood 2,1489,1,0,Sep-18,407392
Neighborhood 1,2220,2,1,Sep-18,624635
Neighborhood 2,1395,3,0,Sep-18,460679
Neighborhood 2,1422,1,0,Sep-18,508268
Neighborhood 1,2013,2,0,Sep-18,464106
Neighborhood 2,1690,1,0,Sep-18,332013
Neighborhood 2,1540,1,0,Sep-18,677314
Neighborhood 1,2577,3,0,Sep-18,629070
Neighborhood 2,1559,2,0,Sep-18,467806
Neighborhood 1,2013,2,0,Sep-18,668455
Neighborhood 1,2051,2,0,Sep-18,522481
Neighborhood 1,2326,2,1,Sep-18,626530
Neighborhood 2,1507,1,0,Sep-18,580492
Neighborhood 2,1590,1,0,Sep-18,512854
Neighborhood 2,1812,2,0,Sep-18,450431
Neighborhood 2,1514,1,0,Sep-18,741243
Neighborhood 1,2066,2,0,Sep-18,579097
Neighborhood 2,1538,1,0,Sep-18,410731
Neighborhood 1,2122,2,0,Sep-18,657104
Neighborhood 2,1420,2,0,Sep-18,597283
Neighborhood 1,2115,2,0,Sep-18,554170
Neighborhood 2,1277,1,0,Sep-18,454875
Neighborhood 1,2221,3,0,Sep-18,554441
Neighborhood 2,1765,1,0,Sep-18,611217
Neighborhood 2,1481,1,0,Sep-18,451459
Neighborhood 1,2022,2,1,Sep-18,638869
Neighborhood 2,1421,2,0,Sep-18,380701
Neighborhood 2,1384,2,0,Sep-18,465425
Neighborhood 2,1488,1,0,Sep-18,353708
Neighborhood 2,1321,1,0,Sep-18,615677
Neighborhood 2,1452,1,0,Sep-18,570205
Neighborhood 1,2487,2,1,Sep-18,466694
Neighborhood 2,1729,1,0,Sep-18,349404
Neighborhood 2,1314,1,0,Sep-18,555816
Neighborhood 2,1721,1,1,Sep-18,523839
Neighborhood 2,1426,1,0,Sep-18,727982
Neighborhood 1,2019,2,0,Sep-18,689333
Neighborhood 2,1816,1,0,Sep-18,551717
Neighborhood 1,2174,3,0,Sep-18,583264
Neighborhood 2,1218,1,0,Sep-18,679443
Neighborhood 2,1259,1,0,Sep-18,424815
Neighborhood 2,1634,1,0,Sep-18,470404
Neighborhood 2,1440,2,0,Sep-18,232332
Neighborhood 2,1204,1,0,Sep-18,442674
Neighborhood 2,1441,1,0,Sep-18,460562
Neighborhood 2,1282,1,0,Sep-18,591870
Neighborhood 2,1426,1,0,Sep-18,484956
Neighborhood 2,1365,1,0,Sep-18,724991
Neighborhood 2,1835,1,0,Sep-18,442387
Neighborhood 2,1850,1,0,Sep-18,435177
Neighborhood 1,2139,2,1,Sep-18,717528
Neighborhood 2,1562,1,0,Sep-18,519090
Neighborhood 2,1587,1,0,Sep-18,486802
Neighborhood 1,2078,4,0,Sep-18,387178
Neighborhood 1,2135,3,0,Sep-18,537535
Neighborhood 1,2205,2,0,Sep-18,774010
Neighborhood 1,2368,2,0,Sep-18,581205
Neighborhood 2,1467,1,0,Sep-18,468328
Neighborhood 2,1560,1,0,Sep-18,539098
Neighborhood 2,1436,1,0,Sep-18,314145
Neighborhood 1,2257,2,1,Sep-18,977339
Neighborhood 1,2160,2,0,Sep-18,606472
Neighborhood 1,2102,2,0,Sep-18,780130
Neighborhood 1,2148,2,1,Sep-18,578489
Neighborhood 2,1636,3,0,Sep-18,559778
Neighborhood 1,2217,2,0,Sep-18,400850
Neighborhood 1,2340,4,0,Sep-18,588886
Neighborhood 1,2206,3,0,Sep-18,528060
Neighborhood 1,2403,2,0,Sep-18,543808
Neighborhood 1,2049,4,0,Sep-18,819557
Neighborhood 2,1814,1,0,Sep-18,539523
Neighborhood 2,1666,1,0,Sep-18,547142
Neighborhood 1,2192,2,0,Sep-18,645423
Neighborhood 2,1664,1,0,Sep-18,583095
Neighborhood 2,1554,1,0,Sep-18,554719
Neighborhood 1,2168,3,0,Sep-18,661795
Neighborhood 1,2005,2,0,Sep-18,614906
Neighborhood 1,2036,2,0,Sep-18,845140
Neighborhood 1,2010,2,0,Sep-18,452030
Neighborhood 2,1968,1,0,Sep-18,410128
Neighborhood 2,1434,2,0,Sep-18,612500
Neighborhood 1,2047,2,0,Sep-18,653782
Neighborhood 1,2246,2,0,Sep-18,421426
Neighborhood 2,1485,2,0,Sep-18,347596
Neighborhood 1,2606,3,0,Sep-18,581801
Neighborhood 1,2267,2,0,Sep-18,719473
Neighborhood 1,2105,2,1,Sep-18,661790
Neighborhood 2,1641,1,0,Sep-18,479220
Neighborhood 2,1549,1,0,Sep-18,439891
Neighborhood 2,1719,1,0,Sep-18,687126
Neighborhood 1,2109,2,0,Sep-18,628257
Neighborhood 1,2107,3,0,Sep-18,580769
Neighborhood 1,2858,2,0,Sep-18,374821
Neighborhood 2,1435,2,0,Sep-18,623195
Neighborhood 2,1485,1,0,Sep-18,378808
Neighborhood 2,1644,1,0,Sep-18,549774
Neighborhood 1,2056,3,1,Sep-18,630731
Neighborhood 2,1761,1,0,Sep-18,604425
Neighborhood 2,1390,1,0,Sep-18,456011
Neighborhood 1,2142,3,0,Sep-18,527308
Neighborhood 1,2212,2,0,Sep-18,460405
Neighborhood 2,1590,1,0,Sep-18,421689
Neighborhood 1,2310,2,0,Sep-18,612984
Neighborhood 2,1815,1,0,Sep-18,534935
Neighborhood 1,2076,3,0,Sep-18,459715
Neighborhood 2,1748,1,0,Sep-18,436064
Neighborhood 2,1357,1,0,Sep-18,596592
Neighborhood 1,2251,2,0,Sep-18,589728
Neighborhood 1,2224,2,0,Sep-18,680398
Neighborhood 1,2248,4,0,Sep-18,481386
Neighborhood 2,1798,1,0,Sep-18,585440
Neighborhood 2,1513,1,0,Sep-18,557392
Neighborhood 1,2480,2,0,Sep-18,458923
Neighborhood 1,2212,3,0,Sep-18,515693
Neighborhood 2,1334,1,0,Sep-18,706468
Neighborhood 2,1817,1,0,Sep-18,617582
Neighborhood 2,1515,3,0,Sep-18,585020
Neighborhood 2,1793,1,0,Sep-18,241398
Neighborhood 1,2361,2,0,Sep-18,516624
Neighborhood 1,2008,2,0,Sep-18,592267
Neighborhood 1,2223,2,0,Sep-18,574568
Neighborhood 1,2214,2,0,Sep-18,409316
Neighborhood 1,2364,2,0,Sep-18,595035
Neighborhood 1,2224,2,0,Sep-18,740713
Neighborhood 2,1361,2,0,Sep-18,456266
Neighborhood 2,1502,1,0,Sep-18,606651
Neighborhood 1,2216,4,0,Sep-18,565489
Neighborhood 2,1214,1,0,Sep-18,721512
Neighborhood 1,2282,1,1,Sep-18,558837
Neighborhood 1,2075,2,1,Sep-18,599518
Neighborhood 2,1385,2,0,Sep-18,531896
Neighborhood 2,1330,1,0,Sep-18,239200
Neighborhood 2,1833,1,0,Sep-18,365496
Neighborhood 1,2060,3,1,Sep-18,402996
Neighborhood 2,1494,1,0,Sep-18,487588
Neighborhood 1,2134,3,0,Sep-18,563238
Neighborhood 2,1638,2,0,Sep-18,717166
Neighborhood 2,1406,1,0,Sep-18,589483
Neighborhood 1,2209,2,0,Sep-18,778297
Neighborhood 2,1645,1,0,Sep-18,503408
Neighborhood 2,1542,1,0,Sep-18,541415
Neighborhood 1,2050,1,0,Sep-18,416748
Neighborhood 2,1504,1,0,Sep-18,581901
Neighborhood 2,1605,2,0,Sep-18,474463
Neighborhood 1,2648,2,0,Sep-18,589721
Neighborhood 1,2180,2,0,Sep-18,865497
Neighborhood 2,1245,1,0,Sep-18,546903
Neighborhood 1,2121,4,0,Sep-18,522288
Neighborhood 2,1385,1,0,Sep-18,554988
Neighborhood 2,1208,1,0,Sep-18,330637
Neighborhood 2,1291,1,0,Sep-18,552663
Neighborhood 2,2078,1,0,Sep-18,540951
Neighborhood 2,1748,3,0,Sep-18,513068
Neighborhood 2,1321,1,0,Sep-18,559614
Neighborhood 1,2046,2,0,Sep-18,734233
Neighborhood 1,2356,2,1,Sep-18,452517
Neighborhood 2,1536,1,0,Sep-18,384999
Neighborhood 2,1643,1,0,Sep-18,496717
Neighborhood 2,1366,2,0,Sep-18,432532
Neighborhood 1,2446,2,1,Sep-18,665483
Neighborhood 2,1407,1,1,Sep-18,410196
Neighborhood 2,1299,1,0,Sep-18,373781
Neighborhood 2,1771,1,0,Sep-18,578254
Neighborhood 1,2298,2,0,Sep-18,535622
Neighborhood 2,1507,2,0,Sep-18,514581
Neighborhood 2,1335,1,0,Sep-18,424225
Neighborhood 2,1230,1,0,Sep-18,527643
Neighborhood 1,2455,2,0,Sep-18,537424
Neighborhood 1,2280,2,0,Sep-18,473496
Neighborhood 1,2002,2,0,Sep-18,669944
Neighborhood 2,1593,1,0,Sep-18,595061
Neighborhood 2,1600,1,0,Sep-18,400500
Neighborhood 2,1757,1,0,Sep-18,319831
Neighborhood 1,2321,2,1,Sep-18,563512
Neighborhood 2,1681,1,0,Sep-18,474803
Neighborhood 2,1510,2,0,Sep-18,523558
Neighborhood 2,1602,3,0,Sep-18,455239
Neighborhood 2,1448,1,0,Sep-18,380572
Neighborhood 1,2023,2,0,Sep-18,539501
Neighborhood 2,1377,1,0,Sep-18,558088
Neighborhood 2,1589,1,0,Sep-18,604551
Neighborhood 2,1425,1,0,Sep-18,518443
Neighborhood 1,2060,2,0,Sep-18,340736
Neighborhood 1,2079,3,0,Sep-18,695550
Neighborhood 2,1537,1,0,Sep-18,495375
Neighborhood 2,1365,1,0,Sep-18,388387
Neighborhood 1,2238,2,0,Sep-18,481930
Neighborhood 2,1535,1,0,Sep-18,469453
Neighborhood 2,1623,1,0,Sep-18,693082
Neighborhood 2,1751,1,0,Sep-18,609172
Neighborhood 2,1633,1,0,Sep-18,297022
Neighborhood 1,2384,2,0,Sep-18,651771
Neighborhood 2,1625,1,0,Sep-18,311349
Neighborhood 2,1758,1,0,Sep-18,403892
Neighborhood 1,2169,2,0,Sep-18,652868
Neighborhood 1,2107,2,0,Sep-18,632965
Neighborhood 2,1928,2,0,Sep-18,432547
Neighborhood 2,1747,1,0,Sep-18,433312
Neighborhood 2,1411,1,0,Sep-18,657116
Neighborhood 1,2201,2,1,Sep-18,715061
Neighborhood 1,2041,2,0,Sep-18,388641
Neighborhood 2,1265,1,0,Sep-18,575779
Neighborhood 2,1400,1,0,Sep-18,499788
Neighborhood 1,2160,3,0,Sep-18,531357
Neighborhood 2,1441,1,0,Sep-18,436026
Neighborhood 2,1613,1,0,Sep-18,575577
Neighborhood 2,1572,1,0,Sep-18,636310
Neighborhood 2,1614,2,0,Sep-18,326214
Neighborhood 2,1524,1,0,Sep-18,376673
Neighborhood 2,1432,1,0,Sep-18,601899
Neighborhood 2,1555,1,0,Sep-18,611259
Neighborhood 1,2153,2,0,Sep-18,374813
Neighborhood 2,1383,1,0,Sep-18,518917
Neighborhood 2,1381,1,0,Sep-18,661350
Neighborhood 2,1453,1,0,Sep-18,437748
Neighborhood 1,2130,2,0,Sep-18,593294
Neighborhood 1,2039,2,0,Sep-18,664391
Neighborhood 2,1451,1,0,Sep-18,319122
Neighborhood 2,1566,2,0,Sep-18,418234
Neighborhood 2,1664,2,0,Sep-18,443796
Neighborhood 2,1661,1,0,Sep-18,534004
Neighborhood 1,2242,2,1,Sep-18,601684
Neighborhood 2,1819,3,0,Sep-18,554178
Neighborhood 1,2476,4,0,Sep-18,622947
Neighborhood 1,2187,2,0,Sep-18,568072
Neighborhood 1,2272,2,0,Sep-18,476584
Neighborhood 2,1391,1,0,Sep-18,517621
Neighborhood 2,1349,1,0,Sep-18,518431
Neighborhood 1,2102,1,0,Sep-18,423437
Neighborhood 2,1501,1,0,Sep-18,596199
Neighborhood 2,1308,1,0,Sep-18,609365
Neighborhood 2,1568,1,1,Sep-18,576232
Neighborhood 2,1543,1,0,Sep-18,706908
Neighborhood 2,1624,1,0,Sep-18,369707
Neighborhood 1,2356,2,0,Sep-18,588587
Neighborhood 2,1648,1,0,Sep-18,358122
Neighborhood 2,1550,2,0,Sep-18,618691
Neighborhood 2,1707,1,0,Sep-18,480209
Neighborhood 1,2241,3,1,Sep-18,514891
Neighborhood 2,1459,1,0,Sep-18,377319
Neighborhood 2,1960,1,0,Sep-18,453156
Neighborhood 2,1624,1,0,Sep-18,453155
Neighborhood 2,1627,1,0,Sep-18,725112
Neighborhood 2,1391,1,0,Sep-18,406509
Neighborhood 2,1514,1,0,Sep-18,686301
Neighborhood 2,1292,2,0,Sep-18,464406
Neighborhood 1,2108,3,0,Sep-18,731431
Neighborhood 2,1788,1,0,Sep-18,471386
Neighborhood 2,1375,3,0,Sep-18,744863
Neighborhood 1,2260,2,0,Sep-18,510977
Neighborhood 2,1290,1,0,Sep-18,524154
Neighborhood 1,2059,2,0,Sep-18,508833
Neighborhood 1,2314,3,1,Sep-18,600885
Neighborhood 1,2272,2,0,Sep-18,647436
Neighborhood 2,1692,1,0,Sep-18,483684
Neighborhood 2,1538,3,0,Sep-18,574320
Neighborhood 2,1280,3,1,Sep-18,649952
Neighborhood 2,1216,1,1,Sep-18,548918
Neighborhood 1,2085,2,0,Sep-18,700185
Neighborhood 1,2311,2,0,Sep-18,651090
Neighborhood 1,2104,3,0,Sep-18,463818
Neighborhood 2,1288,1,0,Sep-18,631615
Neighborhood 2,1444,1,0,Sep-18,535153
Neighborhood 1,2255,3,0,Sep-18,684983
Neighborhood 2,1329,1,0,Sep-18,478669
Neighborhood 2,1316,1,0,Sep-18,284789
Neighborhood 1,2614,2,0,Sep-18,399740
Neighborhood 2,1712,1,0,Sep-18,724947
Neighborhood 2,1219,1,0,Sep-18,468842
Neighborhood 1,2234,2,1,Sep-18,623134
Neighborhood 2,1463,1,0,Sep-18,490313
Neighborhood 2,1558,1,0,Sep-18,431514
Neighborhood 1,2158,2,0,Sep-18,605237
Neighborhood 2,1289,3,0,Sep-18,462894
Neighborhood 2,1720,1,0,Sep-18,388723
Neighborhood 1,2177,3,1,Sep-18,601737
Neighborhood 2,1493,2,0,Sep-18,342169
Neighborhood 2,1445,1,0,Sep-18,485687
Neighborhood 1,2100,1,1,Sep-18,620081
Neighborhood 1,2044,2,0,Sep-18,859900
Neighborhood 1,2229,2,0,Sep-18,527137
Neighborhood 1,2138,3,0,Sep-18,686629
Neighborhood 2,1504,1,0,Sep-18,631407
Neighborhood 2,1384,2,0,Sep-18,428217
Neighborhood 2,1617,1,0,Sep-18,442558
Neighborhood 2,1275,1,0,Sep-18,322711
Neighborhood 2,1724,1,0,Sep-18,617457
Neighborhood 1,2333,1,0,Sep-18,512943
Neighborhood 2,1337,1,0,Sep-18,296820
Neighborhood 2,1674,3,1,Sep-18,502432
Neighborhood 2,1215,1,0,Sep-18,374090
Neighborhood 2,1520,1,0,Sep-18,387077
Neighborhood 1,2165,1,0,Sep-18,724146
Neighborhood 2,1384,1,0,Sep-18,538295
Neighborhood 1,2362,2,0,Sep-18,509912
Neighborhood 1,2043,2,0,Sep-18,586660
Neighborhood 2,1678,1,0,Sep-18,567107
Neighborhood 2,1574,2,0,Sep-18,549736
Neighborhood 1,2194,2,1,Sep-18,665764
Neighborhood 1,2126,4,0,Sep-18,591329
Neighborhood 2,1706,1,0,Sep-18,511929
Neighborhood 2,1400,3,0,Sep-18,502882
Neighborhood 2,1656,1,0,Sep-18,497723
Neighborhood 2,1469,1,0,Sep-18,615296
Neighborhood 1,2365,2,0,Sep-18,516481
Neighborhood 2,1667,1,0,Sep-18,403206
Neighborhood 1,2103,3,1,Sep-18,575312
Neighborhood 2,1245,1,0,Sep-18,422167
Neighborhood 2,1423,1,0,Sep-18,522708
Neighborhood 1,2148,2,1,Sep-18,647584
Neighborhood 2,1474,3,0,Sep-18,447098
Neighborhood 1,2102,2,0,Sep-18,711500
Neighborhood 2,1441,1,0,Sep-18,740191
Neighborhood 2,1443,1,0,Sep-18,403644
Neighborhood 2,1526,3,0,Sep-18,686653
Neighborhood 2,1564,3,0,Sep-18,615053
Neighborhood 1,2106,2,0,Sep-18,446730
Neighborhood 1,2368,3,0,Sep-18,526996
Neighborhood 2,1288,1,0,Sep-18,471744
Neighborhood 2,1374,1,0,Sep-18,371406
Neighborhood 1,2504,3,0,Sep-18,667339
Neighborhood 1,2185,2,0,Sep-18,688558
Neighborhood 1,2035,1,0,Sep-18,419475
Neighborhood 1,2050,2,0,Sep-18,512218
Neighborhood 1,2112,2,1,Sep-18,518747
Neighborhood 2,1408,1,0,Sep-18,566515
Neighborhood 1,2092,2,0,Sep-18,522667
Neighborhood 1,2220,4,0,Sep-18,578541
Neighborhood 2,1841,1,0,Sep-18,640758
Neighborhood 2,1552,3,0,Sep-18,484659
Neighborhood 1,2286,2,0,Sep-18,559249
Neighborhood 2,1557,2,0,Sep-18,769117
Neighborhood 1,2311,1,0,Sep-18,707947
Neighborhood 2,1283,1,0,Sep-18,479361
Neighborhood 1,2039,2,0,Sep-18,702304
Neighborhood 2,1484,1,0,Sep-18,227668
Neighborhood 2,1519,1,0,Sep-18,457842
Neighborhood 2,1511,1,1,Sep-18,319158
Neighborhood 2,1273,1,0,Sep-18,491236
Neighborhood 1,2172,2,0,Sep-18,476874
Neighborhood 2,1684,2,0,Sep-18,488978
Neighborhood 2,2126,1,0,Sep-18,451070
Neighborhood 2,1585,3,0,Sep-18,341571
Neighborhood 1,2043,1,0,Sep-18,501042
Neighborhood 2,1714,3,0,Sep-18,513817
Neighborhood 2,1548,1,0,Sep-18,379603
Neighborhood 1,2293,1,0,Sep-18,388873
Neighborhood 1,2067,2,0,Sep-18,607358
Neighborhood 1,2103,2,0,Sep-18,528284
Neighborhood 2,1508,1,0,Sep-18,359986
Neighborhood 1,2186,3,0,Sep-18,363425
Neighborhood 1,2294,1,0,Sep-18,714699
Neighborhood 2,1475,2,0,Sep-18,360255
Neighborhood 1,2408,2,0,Sep-18,541510
Neighborhood 2,1548,1,0,Sep-18,367044
Neighborhood 1,2175,2,0,Sep-18,691586
Neighborhood 1,2211,2,0,Sep-18,809960
Neighborhood 2,1343,1,0,Sep-18,500105
Neighborhood 2,1863,1,0,Sep-18,272614
Neighborhood 2,1445,2,0,Sep-18,550603
Neighborhood 2,1462,1,1,Sep-18,501185
Neighborhood 2,1344,1,0,Sep-18,492674
Neighborhood 2,1859,3,0,Sep-18,447875
Neighborhood 1,2122,2,0,Sep-18,687995
Neighborhood 1,2449,4,0,Sep-18,774839
Neighborhood 1,2353,2,0,Sep-18,529417
Neighborhood 2,1391,1,0,Sep-18,523319
Neighborhood 1,2256,1,0,Sep-18,705731
Neighborhood 2,1308,1,0,Sep-18,365327
Neighborhood 2,1507,1,0,Sep-18,348193
Neighborhood 1,2217,2,0,Sep-18,635539
Neighborhood 2,1587,1,0,Sep-18,306613
Neighborhood 1,2198,2,0,Sep-18,556360
Neighborhood 2,1595,1,0,Sep-18,673466
Neighborhood 2,1766,2,0,Sep-18,377583
Neighborhood 2,1379,1,0,Sep-18,414558
Neighborhood 2,1342,1,0,Sep-18,528501
Neighborhood 1,2156,2,1,Sep-18,584105
Neighborhood 2,1870,2,0,Sep-18,570585
Neighborhood 2,1388,1,0,Sep-18,414979
Neighborhood 2,1729,1,0,Sep-18,615630
Neighborhood 2,1664,1,0,Sep-18,436322
Neighborhood 2,1588,1,0,Sep-18,599804
Neighborhood 1,2664,2,1,Sep-18,577929
Neighborhood 2,1488,1,0,Sep-18,530203
Neighborhood 2,1239,1,0,Sep-18,661710
Neighborhood 1,2060,2,1,Sep-18,474918
Neighborhood 1,2346,3,0,Sep-18,442849
Neighborhood 1,2529,2,0,Sep-18,754715
Neighborhood 1,2117,2,0,Sep-18,581224
Neighborhood 2,1449,1,0,Sep-18,381773
Neighborhood 2,1632,1,0,Sep-18,465826
Neighborhood 2,1204,1,0,Sep-18,498757
Neighborhood 2,1387,2,0,Sep-18,469557
Neighborhood 2,2039,1,0,Sep-18,465990
Neighborhood 2,1550,3,0,Sep-18,389283
Neighborhood 1,2080,2,1,Sep-18,588331
Neighborhood 1,2070,4,1,Sep-18,657200
Neighborhood 1,2355,3,0,Sep-18,803676
Neighborhood 1,2148,3,0,Sep-18,571613
Neighborhood 2,1290,2,1,Sep-18,507902
Neighborhood 1,2124,2,0,Sep-18,553109
Neighborhood 2,1545,1,0,Sep-18,517781
Neighborhood 1,2081,1,0,Sep-18,603572
Neighborhood 2,1480,1,0,Sep-18,471677
Neighborhood 1,2315,2,0,Sep-18,666104
Neighborhood 1,2054,2,0,Sep-18,431995
Neighborhood 1,2186,2,0,Sep-18,593060
Neighborhood 2,1607,2,1,Sep-18,681005
Neighborhood 2,1695,1,0,Sep-18,412743
Neighborhood 2,1422,1,0,Sep-18,588946
Neighborhood 1,2226,2,0,Sep-18,591611
Neighborhood 2,1658,1,0,Sep-18,387485
Neighborhood 2,1596,1,0,Sep-18,364096
Neighborhood 2,1569,1,1,Sep-18,560370
Neighborhood 2,1438,1,0,Sep-18,430169
Neighborhood 1,2131,3,0,Sep-18,566008
Neighborhood 2,1445,1,0,Sep-18,533458
Neighborhood 2,1667,1,0,Sep-18,612232
Neighborhood 2,1331,1,0,Sep-18,550042
Neighborhood 2,1544,1,0,Sep-18,525472
Neighborhood 2,1701,2,0,Sep-18,480150
Neighborhood 1,2183,3,0,Sep-18,417217
Neighborhood 1,2065,4,0,Sep-18,520546
Neighborhood 2,1322,1,0,Sep-18,638916
Neighborhood 1,2019,2,0,Sep-18,630563
Neighborhood 1,2194,3,0,Sep-18,664234
Neighborhood 2,1421,1,0,Sep-18,633767
Neighborhood 2,1409,2,0,Sep-18,633600
Neighborhood 1,2335,2,0,Sep-18,547862
Neighborhood 2,1357,1,0,Sep-18,566926
Neighborhood 2,1603,1,0,Sep-18,382990
Neighborhood 2,1722,1,0,Sep-18,678053
Neighborhood 2,1415,1,0,Sep-18,729927
Neighborhood 2,1414,1,0,Sep-18,530490
Neighborhood 1,2285,2,0,Sep-18,616334
Neighborhood 2,1541,1,0,Sep-18,581920
Neighborhood 2,1268,2,0,Sep-18,602346
Neighborhood 2,1546,1,0,Sep-18,230724
Neighborhood 1,2205,2,0,Sep-18,504454
Neighborhood 1,2179,3,0,Sep-18,542799
Neighborhood 1,2422,2,0,Sep-18,379199
Neighborhood 1,2279,2,1,Sep-18,678312
Neighborhood 2,1745,1,0,Sep-18,451129
Neighborhood 2,1391,1,0,Sep-18,417290
Neighborhood 2,1792,1,0,Sep-18,629390
Neighborhood 2,1850,1,0,Sep-18,483525
Neighborhood 2,1664,1,0,Sep-18,423181
Neighborhood 1,2276,2,0,Sep-18,619148
Neighborhood 2,1398,1,0,Sep-18,386638
Neighborhood 1,2002,2,1,Sep-18,616889
Neighborhood 1,2048,3,0,Sep-18,530826
Neighborhood 1,2133,2,0,Sep-18,387928
Neighborhood 1,2054,3,0,Sep-18,669212
Neighborhood 2,1416,2,0,Sep-18,647933
Neighborhood 2,1548,2,0,Sep-18,472856
Neighborhood 1,2038,4,0,Sep-18,586770
Neighborhood 2,1715,3,0,Sep-18,493236
Neighborhood 1,2127,4,1,Sep-18,462976
Neighborhood 1,2084,3,0,Sep-18,713111
Neighborhood 2,1514,1,0,Sep-18,478868
Neighborhood 2,1843,2,0,Sep-18,367491
Neighborhood 1,2069,2,0,Sep-18,599059
Neighborhood 2,1678,1,0,Sep-18,405853
Neighborhood 2,1401,1,0,Sep-18,510836
Neighborhood 1,2387,2,0,Sep-18,553738
Neighborhood 2,1355,1,0,Sep-18,578437
Neighborhood 1,2132,2,1,Sep-18,734391
Neighborhood 1,2273,2,0,Sep-18,581123
Neighborhood 2,1348,1,0,Sep-18,622879
Neighborhood 1,2083,3,0,Sep-18,480465
Neighborhood 2,1548,1,0,Sep-18,491580
Neighborhood 1,2092,2,0,Sep-18,800647
Neighborhood 2,1602,1,0,Sep-18,395589
Neighborhood 2,1468,1,0,Sep-18,439679
Neighborhood 2,1671,1,0,Sep-18,379222
Neighborhood 2,1419,1,0,Sep-18,519402
Neighborhood 1,2240,2,0,Sep-18,519458
Neighborhood 2,1502,1,0,Sep-18,639575
Neighborhood 2,1586,1,0,Sep-18,498257
Neighborhood 1,2152,3,0,Sep-18,800675
Neighborhood 2,1605,1,0,Sep-18,523477
Neighborhood 1,2175,3,0,Sep-18,501310
Neighborhood 1,2053,2,0,Sep-18,646405
Neighborhood 1,2268,3,0,Sep-18,529386
Neighborhood 2,1303,1,0,Sep-18,313082
Neighborhood 1,2005,2,1,Sep-18,586798
Neighborhood 2,1641,1,0,Sep-18,323399
Neighborhood 2,1636,1,0,Sep-18,519294
Neighborhood 2,1376,1,0,Sep-18,561701
Neighborhood 2,1694,2,0,Sep-18,429946
Neighborhood 2,1630,2,0,Sep-18,576692
Neighborhood 2,1608,1,0,Sep-18,333240
Neighborhood 2,1611,1,0,Sep-18,505443
Neighborhood 1,2167,2,1,Sep-18,453825
Neighborhood 2,1798,1,0,Sep-18,246525
Neighborhood 2,1784,1,0,Sep-18,612910
Neighborhood 1,2193,4,0,Sep-18,519002
Neighborhood 2,1482,1,0,Sep-18,389947
Neighborhood 2,1708,2,0,Sep-18,229324
Neighborhood 1,2395,2,0,Sep-18,659752
Neighborhood 1,2045,2,0,Sep-18,565822
Neighborhood 2,1506,1,0,Sep-18,478125
Neighborhood 1,2431,2,0,Sep-18,762744
Neighborhood 1,2035,2,0,Sep-18,614696
Neighborhood 2,1328,1,0,Sep-18,592005
Neighborhood 2,1669,1,0,Sep-18,438070
Neighborhood 2,1724,1,0,Sep-18,473087
Neighborhood 2,1676,1,0,Sep-18,536466
Neighborhood 1,2063,3,0,Sep-18,735442
Neighborhood 2,1261,1,0,Sep-18,584906
Neighborhood 2,1821,1,0,Sep-18,349572
Neighborhood 2,1445,3,0,Sep-18,624863
Neighborhood 2,1784,1,0,Sep-18,577538
Neighborhood 2,1565,2,0,Sep-18,536541
Neighborhood 2,1809,1,0,Sep-18,574195
Neighborhood 2,1594,1,0,Sep-18,490779
Neighborhood 2,1465,1,0,Sep-18,384201
Neighborhood 2,1592,1,0,Sep-18,582061
Neighborhood 1,2140,2,0,Sep-18,601267
Neighborhood 2,1755,1,0,Sep-18,519825
Neighborhood 2,1268,1,0,Sep-18,506237
Neighborhood 2,1502,2,0,Sep-18,347532
Neighborhood 2,1779,1,0,Sep-18,428449
Neighborhood 2,1433,1,1,Sep-18,631899
Neighborhood 1,2171,3,0,Sep-18,381218
Neighborhood 1,2107,3,0,Sep-18,537042
Neighborhood 2,1462,1,0,Sep-18,627664
Neighborhood 1,2296,2,1,Sep-18,464109
Neighborhood 2,1426,1,0,Sep-18,536872
Neighborhood 1,2312,2,0,Sep-18,701046
Neighborhood 2,1668,1,0,Sep-18,434809
Neighborhood 2,1558,1,0,Sep-18,254131
Neighborhood 2,1357,1,0,Sep-18,263076
Neighborhood 2,1765,3,0,Sep-18,333909
Neighborhood 2,1512,1,0,Sep-18,529878
Neighborhood 2,1727,1,0,Sep-18,440991
Neighborhood 1,2160,3,0,Sep-18,548359
Neighborhood 1,2044,2,0,Sep-18,591915
Neighborhood 1,2351,1,0,Sep-18,605417
Neighborhood 2,2049,2,0,Sep-18,324782
Neighborhood 1,2438,2,0,Sep-18,636478
Neighborhood 1,2269,2,1,Sep-18,597039
Neighborhood 2,1342,1,0,Sep-18,304739
Neighborhood 1,2200,2,0,Sep-18,791212
Neighborhood 2,1472,1,0,Sep-18,650067
Neighborhood 1,2456,2,1,Sep-18,648197
Neighborhood 1,2043,1,0,Sep-18,527806
Neighborhood 1,2327,2,0,Sep-18,464350
Neighborhood 2,1810,1,0,Sep-18,470398
Neighborhood 2,1252,1,0,Sep-18,533390
Neighborhood 2,1445,1,0,Sep-18,540151
Neighborhood 1,2103,2,0,Sep-18,617030
Neighborhood 1,2032,2,0,Sep-18,652884
Neighborhood 2,1595,1,0,Sep-18,509308
Neighborhood 2,1571,3,0,Sep-18,633286
Neighborhood 2,1608,1,0,Sep-18,355034
Neighborhood 1,2141,2,0,Sep-18,572732
Neighborhood 2,1304,1,0,Sep-18,428182
Neighborhood 2,1497,1,0,Sep-18,520882
Neighborhood 2,1354,1,0,Sep-18,598058
Neighborhood 1,2400,2,1,Sep-18,523248
Neighborhood 1,2228,3,0,Sep-18,529585
Neighborhood 1,2087,2,0,Sep-18,626256
Neighborhood 2,1942,1,0,Sep-18,514658
Neighborhood 2,1268,3,0,Sep-18,646362
Neighborhood 2,1637,1,1,Sep-18,377099
Neighborhood 2,1446,1,0,Sep-18,522977
Neighborhood 1,2068,2,0,Sep-18,578596
Neighborhood 2,1686,1,0,Sep-18,297193
Neighborhood 2,2032,1,0,Sep-18,336982
Neighborhood 1,2122,2,0,Sep-18,719500
Neighborhood 1,2072,2,0,Sep-18,486131
Neighborhood 2,1416,1,0,Sep-18,620767
Neighborhood 1,2003,2,0,Sep-18,411588
Neighborhood 1,2105,4,0,Sep-18,457817
Neighborhood 2,1253,1,0,Sep-18,513035
Neighborhood 1,2039,2,1,Sep-18,431596
Neighborhood 1,2323,2,0,Sep-18,531262
Neighborhood 1,2173,2,0,Sep-18,483928
Neighborhood 1,2263,3,1,Sep-18,624974
Neighborhood 2,1603,1,1,Sep-18,304296
Neighborhood 1,2123,2,0,Sep-18,363268
Neighborhood 1,2294,2,0,Sep-18,720056
Neighborhood 2,1315,1,0,Sep-18,413930
Neighborhood 2,1601,1,0,Sep-18,728017
Neighborhood 1,2276,4,0,Sep-18,503370
Neighborhood 2,1295,2,0,Sep-18,513380
Neighborhood 2,1505,1,0,Sep-18,532685
Neighborhood 1,2371,2,1,Sep-18,647471
Neighborhood 1,2239,3,1,Sep-18,670487
Neighborhood 1,2187,3,0,Sep-18,595463
Neighborhood 2,1685,1,0,Sep-18,431768
Neighborhood 1,2449,3,1,Sep-18,537875
Neighborhood 1,2088,2,0,Sep-18,690911
Neighborhood 1,2083,2,0,Sep-18,826130
Neighborhood 2,1660,2,0,Sep-18,428493
Neighborhood 1,2144,2,1,Sep-18,799086
Neighborhood 2,1773,1,0,Sep-18,516638
Neighborhood 2,1494,1,0,Sep-18,654477
Neighborhood 2,1606,1,0,Sep-18,225100
Neighborhood 1,2084,1,0,Sep-18,677710
Neighborhood 2,1301,1,0,Sep-18,531123
Neighborhood 2,1794,1,0,Sep-18,513356
Neighborhood 2,1526,1,0,Sep-18,487152
Neighborhood 1,2403,3,0,Sep-18,725401
Neighborhood 2,1594,1,0,Sep-18,604353
Neighborhood 1,2036,2,0,Sep-18,637933
Neighborhood 2,1351,2,0,Sep-18,247984
Neighborhood 2,1434,1,0,Sep-18,668115
Neighborhood 1,2138,2,0,Sep-18,431806
Neighborhood 1,2245,2,0,Sep-18,508998
Neighborhood 2,1322,1,0,Sep-18,483685
Neighborhood 2,1451,2,0,Sep-18,517101
Neighborhood 2,1404,2,0,Sep-18,286199
Neighborhood 1,2054,3,0,Sep-18,702433
Neighborhood 1,2082,2,0,Sep-18,603986
Neighborhood 2,1603,1,0,Sep-18,592310
Neighborhood 2,1469,1,0,Sep-18,458620
Neighborhood 2,1409,2,0,Sep-18,499421
Neighborhood 1,2453,2,0,Sep-18,570567
Neighborhood 1,2206,3,0,Sep-18,433851
Neighborhood 2,1489,1,0,Sep-18,708824
Neighborhood 1,2130,2,0,Sep-18,653571
Neighborhood 1,2328,2,0,Sep-18,657111
Neighborhood 2,1332,1,0,Sep-18,370042
Neighborhood 2,1791,1,0,Sep-18,603950
Neighborhood 2,1806,3,0,Sep-18,465349
Neighborhood 2,1577,1,0,Sep-18,491525
Neighborhood 2,1449,1,0,Sep-18,625377
Neighborhood 1,2259,3,0,Sep-18,618990
Neighborhood 2,1721,1,0,Sep-18,490456
Neighborhood 1,2033,2,0,Sep-18,660479
Neighborhood 1,2114,2,1,Sep-18,802927
Neighborhood 2,1669,1,0,Sep-18,527124
Neighborhood 2,1400,1,0,Sep-18,460487
Neighborhood 2,1795,2,0,Sep-18,645039
Neighborhood 2,1598,2,0,Sep-18,405282
Neighborhood 2,1532,2,0,Sep-18,438549
Neighborhood 1,2313,3,0,Sep-18,499217
Neighborhood 2,1609,1,0,Sep-18,445086
Neighborhood 2,1557,1,0,Sep-18,576751
Neighborhood 2,1444,1,0,Sep-18,458664
Neighborhood 2,1761,1,0,Sep-18,507910
Neighborhood 1,2018,3,0,Sep-18,656962
Neighborhood 2,1572,2,0,Sep-18,471408
Neighborhood 1,2057,2,0,Sep-18,499724
Neighborhood 2,1519,1,0,Sep-18,464186
Neighborhood 2,1899,1,0,Sep-18,413281
Neighborhood 2,1494,1,0,Sep-18,458727
Neighborhood 2,1637,1,0,Sep-18,571594
Neighborhood 2,1450,1,0,Sep-18,457537
Neighborhood 2,1237,1,0,Sep-18,532619
Neighborhood 1,2271,2,0,Sep-18,611058
Neighborhood 1,2133,2,1,Sep-18,487479
Neighborhood 2,1397,2,0,Sep-18,557960
Neighborhood 1,2043,2,0,Sep-18,730014
Neighborhood 2,1629,1,0,Sep-18,445293
Neighborhood 2,1428,1,0,Sep-18,388684
Neighborhood 2,1579,1,0,Sep-18,666127
Neighborhood 2,1621,1,0,Sep-18,463052
Neighborhood 2,1424,1,0,Sep-18,486114
Neighborhood 2,1548,1,0,Sep-18,486387
Neighborhood 2,1565,3,0,Sep-18,474275
Neighborhood 1,2546,3,0,Sep-18,783256
Neighborhood 1,2008,3,0,Sep-18,416063
Neighborhood 2,1646,1,0,Sep-18,513859
Neighborhood 2,1332,1,0,Sep-18,351195
Neighborhood 2,1654,2,0,Sep-18,578296
Neighborhood 1,2280,3,0,Sep-18,494135
Neighborhood 1,2242,3,0,Sep-18,498138
Neighborhood 1,2070,2,0,Sep-18,768965
Neighborhood 1,2187,2,0,Sep-18,580872
Neighborhood 2,1794,1,0,Sep-18,410778
Neighborhood 1,2427,2,0,Sep-18,587938
Neighborhood 1,2249,2,0,Sep-18,385349
Neighborhood 1,2404,2,0,Sep-18,666640
Neighborhood 1,2117,2,0,Sep-18,669558
Neighborhood 2,1613,1,0,Sep-19,486088
Neighborhood 1,2080,2,1,Sep-19,379138
Neighborhood 1,2106,1,0,Sep-19,579130
Neighborhood 1,2201,2,1,Sep-19,580599
Neighborhood 1,2120,2,0,Sep-19,776842
Neighborhood 2,1456,2,0,Sep-19,610224
Neighborhood 2,1288,1,0,Sep-19,627318
Neighborhood 2,1488,2,0,Sep-19,418328
Neighborhood 1,2265,3,0,Sep-19,507206
Neighborhood 2,1439,1,0,Sep-19,761265
Neighborhood 1,2015,4,0,Sep-19,617042
Neighborhood 2,1446,1,0,Sep-19,292167
Neighborhood 2,1295,1,0,Sep-19,427338
Neighborhood 2,1393,1,0,Sep-19,431053
Neighborhood 1,2029,2,0,Sep-19,659174
Neighborhood 2,1349,1,0,Sep-19,292167
Neighborhood 1,2039,2,0,Sep-19,614517
Neighborhood 2,2065,1,0,Sep-19,295180
Neighborhood 2,1445,1,0,Sep-19,513035
Neighborhood 1,2039,2,0,Sep-19,603256
Neighborhood 1,2275,2,1,Sep-19,762688
Neighborhood 1,2217,4,0,Sep-19,651605
Neighborhood 2,1755,1,0,Sep-19,454264
Neighborhood 2,1595,1,0,Sep-19,451165
Neighborhood 1,2421,2,0,Sep-19,424873
Neighborhood 2,1458,1,0,Sep-19,482803
Neighborhood 2,1605,1,0,Sep-19,474798
Neighborhood 2,1601,1,0,Sep-19,423495
Neighborhood 2,1345,1,0,Sep-19,552966
Neighborhood 2,1955,1,0,Sep-19,582800
Neighborhood 2,1611,1,0,Sep-19,227725
Neighborhood 1,2251,3,1,Sep-19,643086
Neighborhood 1,2117,2,0,Sep-19,784681
Neighborhood 2,1824,1,0,Sep-19,573533
Neighborhood 2,1221,1,1,Sep-19,551232
Neighborhood 2,1356,1,0,Sep-19,419814
Neighborhood 2,1487,1,0,Sep-19,412052
Neighborhood 1,2059,2,0,Sep-19,472209
Neighborhood 2,1475,1,0,Sep-19,554191
Neighborhood 2,1234,1,0,Sep-19,567197
Neighborhood 2,1582,1,0,Sep-19,412477
Neighborhood 2,2065,1,0,Sep-19,381585
Neighborhood 2,1486,3,0,Sep-19,449302
Neighborhood 2,1838,1,0,Sep-19,527916
Neighborhood 2,1412,1,0,Sep-19,346465
Neighborhood 2,1768,1,0,Sep-19,725667
Neighborhood 2,1254,1,0,Sep-19,519996
Neighborhood 1,2187,3,0,Sep-19,640512
Neighborhood 1,2137,3,1,Sep-19,723375
Neighborhood 2,1555,1,0,Sep-19,630411
Neighborhood 2,1685,1,0,Sep-19,402899
Neighborhood 1,2348,3,0,Sep-19,701951
Neighborhood 2,1808,2,0,Sep-19,391050
Neighborhood 1,2085,2,0,Sep-19,486362
Neighborhood 1,2126,2,1,Sep-19,775959
Neighborhood 1,2011,3,1,Sep-19,765170
Neighborhood 2,1510,1,0,Sep-19,725292
Neighborhood 1,2098,2,0,Sep-19,494918
Neighborhood 2,1728,2,0,Sep-19,575829
Neighborhood 2,1580,1,0,Sep-19,532682
Neighborhood 1,2169,3,0,Sep-19,666083
Neighborhood 2,1691,2,0,Sep-19,381414
Neighborhood 2,1698,1,1,Sep-19,639865
Neighborhood 1,2205,2,0,Sep-19,612546
Neighborhood 2,1262,1,0,Sep-19,511770
Neighborhood 2,1637,1,0,Sep-19,432887
Neighborhood 2,1580,1,0,Sep-19,375829
Neighborhood 1,2052,2,0,Sep-19,618655
Neighborhood 1,2097,2,0,Sep-19,760866
Neighborhood 2,1608,1,0,Sep-19,404574
Neighborhood 2,1510,1,0,Sep-19,445511
Neighborhood 2,1612,1,0,Sep-19,375531
Neighborhood 2,1376,2,0,Sep-19,494970
Neighborhood 2,1365,1,0,Sep-19,315930
Neighborhood 1,2077,3,0,Sep-19,723911
Neighborhood 1,2190,1,0,Sep-19,598707
Neighborhood 1,2260,2,1,Sep-19,622388
Neighborhood 2,1678,1,0,Sep-19,504293
Neighborhood 2,1403,2,0,Sep-19,573149
Neighborhood 2,1698,1,0,Sep-19,537790
Neighborhood 2,1661,1,0,Sep-19,641599
Neighborhood 2,1667,1,0,Sep-19,404178
Neighborhood 1,2340,2,1,Sep-19,431969
Neighborhood 2,1728,1,0,Sep-19,576743
Neighborhood 2,1321,3,0,Sep-19,534985
Neighborhood 2,1428,2,0,Sep-19,325685
Neighborhood 1,2364,2,0,Sep-19,570620
Neighborhood 1,2010,2,0,Sep-19,753030
Neighborhood 2,1424,1,0,Sep-19,483282
Neighborhood 1,2206,2,0,Sep-19,656215
Neighborhood 2,1903,1,0,Sep-19,342234
Neighborhood 1,2162,2,0,Sep-19,581754
Neighborhood 2,1575,1,0,Sep-19,367013
Neighborhood 2,1521,1,0,Sep-19,572152
Neighborhood 1,2313,2,0,Sep-19,600081
Neighborhood 2,1783,1,0,Sep-19,236767
Neighborhood 1,2067,2,0,Sep-19,662323
Neighborhood 1,2156,2,1,Sep-19,520413
Neighborhood 1,2311,2,0,Sep-19,648329
Neighborhood 1,2535,2,0,Sep-19,510723
Neighborhood 1,2062,2,1,Sep-19,555103
Neighborhood 2,1511,1,0,Sep-19,426644
Neighborhood 2,1857,1,0,Sep-19,594872
Neighborhood 1,2412,3,0,Sep-19,691314
Neighborhood 2,1407,1,0,Sep-19,440369
Neighborhood 2,1684,1,0,Sep-19,665130
Neighborhood 1,2375,4,0,Sep-19,529835
Neighborhood 2,2043,1,0,Sep-19,596342
Neighborhood 1,2135,2,0,Sep-19,591394
Neighborhood 2,1598,1,0,Sep-19,468958
Neighborhood 2,1643,1,1,Sep-19,412390
Neighborhood 2,1686,2,0,Sep-19,416483
Neighborhood 1,2010,1,0,Sep-19,609255
Neighborhood 2,1338,1,0,Sep-19,588406
Neighborhood 2,1312,1,0,Sep-19,704596
Neighborhood 2,1641,2,1,Sep-19,765121
Neighborhood 2,1249,1,0,Sep-19,621540
Neighborhood 1,2144,2,0,Sep-19,485244
Neighborhood 2,1274,1,0,Sep-19,361343
Neighborhood 2,1796,1,1,Sep-19,441945
Neighborhood 2,1421,1,1,Sep-19,540366
Neighborhood 1,2433,2,1,Sep-19,668740
Neighborhood 2,1365,1,0,Sep-19,294204
Neighborhood 1,2277,2,0,Sep-19,515532
Neighborhood 2,1451,1,0,Sep-19,408602
Neighborhood 2,1591,1,0,Sep-19,460612
Neighborhood 1,2253,4,0,Sep-19,583097
Neighborhood 2,1734,1,0,Sep-19,398040
Neighborhood 2,1360,2,0,Sep-19,640563
Neighborhood 2,1449,1,0,Sep-19,529327
Neighborhood 1,2107,2,0,Sep-19,637949
Neighborhood 2,1534,1,0,Sep-19,480455
Neighborhood 2,1543,1,0,Sep-19,616216
Neighborhood 1,2367,2,0,Sep-19,653577
Neighborhood 1,2047,2,0,Sep-19,611276
Neighborhood 2,1455,1,0,Sep-19,260307
Neighborhood 2,1360,1,0,Sep-19,429819
Neighborhood 2,1688,1,0,Sep-19,542252
Neighborhood 1,2246,2,0,Sep-19,655305
Neighborhood 1,2187,4,0,Sep-19,590623
Neighborhood 1,2021,2,0,Sep-19,454753
Neighborhood 2,1554,1,0,Sep-19,487076
Neighborhood 2,1625,1,0,Sep-19,676757
Neighborhood 1,2111,3,0,Sep-19,601407
Neighborhood 2,1234,1,0,Sep-19,361022
Neighborhood 2,1268,1,0,Sep-19,558694
Neighborhood 1,2300,4,1,Sep-19,612856
Neighborhood 2,1705,2,0,Sep-19,326467
Neighborhood 2,1542,1,0,Sep-19,554011
Neighborhood 2,1491,1,0,Sep-19,518525
Neighborhood 2,1421,1,0,Sep-19,615672
Neighborhood 1,2058,2,0,Sep-19,488194
Neighborhood 2,1664,3,0,Sep-19,403035
Neighborhood 2,1604,1,0,Sep-19,500207
Neighborhood 2,1385,1,0,Sep-19,490646
Neighborhood 1,2344,2,0,Sep-19,779264
Neighborhood 1,2067,1,0,Sep-19,598579
Neighborhood 2,1503,2,0,Sep-19,383850
Neighborhood 2,1759,2,0,Sep-19,459564
Neighborhood 1,2140,2,0,Sep-19,557574
Neighborhood 2,1465,1,0,Sep-19,654243
Neighborhood 2,1424,1,0,Sep-19,363293
Neighborhood 1,2347,2,0,Sep-19,830734
Neighborhood 2,1640,1,0,Sep-19,442400
Neighborhood 1,2341,2,1,Sep-19,942903
Neighborhood 2,1830,3,1,Sep-19,698462
Neighborhood 1,2236,2,0,Sep-19,643275
Neighborhood 2,1283,2,0,Sep-19,554383
Neighborhood 2,1339,1,0,Sep-19,413589
Neighborhood 2,1455,1,0,Sep-19,617201
Neighborhood 2,1792,1,0,Sep-19,552928
Neighborhood 2,1306,1,0,Sep-19,535360
Neighborhood 1,2263,2,0,Sep-19,614216
Neighborhood 1,2466,2,0,Sep-19,612700
Neighborhood 2,1523,1,0,Sep-19,284506
Neighborhood 2,1551,1,0,Sep-19,602803
Neighborhood 2,1517,1,0,Sep-19,418122
Neighborhood 2,1227,1,0,Sep-19,609877
Neighborhood 1,2314,2,0,Sep-19,836040
Neighborhood 2,1621,2,0,Sep-19,537244
Neighborhood 1,2241,2,0,Sep-19,644846
Neighborhood 2,1545,1,0,Sep-19,485855
Neighborhood 2,1355,2,0,Sep-19,670248
Neighborhood 2,1497,1,1,Sep-19,603128
Neighborhood 2,1404,1,1,Sep-19,500861
Neighborhood 2,1550,1,0,Sep-19,378751
Neighborhood 2,1484,3,0,Sep-19,547292
Neighborhood 2,1544,1,1,Sep-19,571247
Neighborhood 2,1390,2,1,Sep-19,470948
Neighborhood 2,1459,1,0,Sep-19,657880
Neighborhood 2,1689,1,0,Sep-19,523866
Neighborhood 2,1594,1,0,Sep-19,564752
Neighborhood 1,2389,2,0,Sep-19,540797
Neighborhood 2,1635,1,0,Sep-19,508111
Neighborhood 2,1545,1,0,Sep-19,547240
Neighborhood 2,1354,1,1,Sep-19,446734
Neighborhood 1,2655,2,0,Sep-19,619096
Neighborhood 1,2247,3,0,Sep-19,658825
Neighborhood 2,1498,1,0,Sep-19,588518
Neighborhood 1,2171,2,0,Sep-19,660591
Neighborhood 1,2069,2,1,Sep-19,798110
Neighborhood 1,2284,3,0,Sep-19,684792
Neighborhood 2,1386,1,0,Sep-19,548103
Neighborhood 1,2080,2,0,Sep-19,595316
Neighborhood 1,2055,2,0,Sep-19,636110
Neighborhood 2,1658,1,0,Sep-19,574747
Neighborhood 1,2005,2,0,Sep-19,624177
Neighborhood 2,1643,1,0,Sep-19,404983
Neighborhood 2,1626,1,0,Sep-19,650892
Neighborhood 1,2014,1,0,Sep-19,601944
Neighborhood 1,2236,2,0,Sep-19,710716
Neighborhood 2,1350,2,0,Sep-19,439718
Neighborhood 1,2382,2,1,Sep-19,529349
Neighborhood 2,1331,1,0,Sep-19,257777
Neighborhood 1,2040,2,0,Sep-19,712814
Neighborhood 2,1634,2,0,Sep-19,510507
Neighborhood 2,1517,1,0,Sep-19,595456
Neighborhood 2,1359,1,0,Sep-19,428622
Neighborhood 2,1456,1,0,Sep-19,538611
Neighborhood 2,1579,1,0,Sep-19,550370
Neighborhood 1,2267,4,0,Sep-19,707900
Neighborhood 2,1446,1,0,Sep-19,455025
Neighborhood 1,2040,2,0,Sep-19,619115
Neighborhood 1,2168,2,1,Sep-19,771388
Neighborhood 2,1592,1,0,Sep-19,457654
Neighborhood 1,2152,2,0,Sep-19,456420
Neighborhood 2,1773,1,0,Sep-19,413990
Neighborhood 2,1442,1,0,Sep-19,380679
Neighborhood 1,2215,2,0,Sep-19,733731
Neighborhood 2,1363,1,0,Sep-19,736814
Neighborhood 2,1431,1,0,Sep-19,279370
Neighborhood 2,1335,1,1,Sep-19,494523
Neighborhood 1,2044,2,0,Sep-19,636014
Neighborhood 1,2243,3,0,Sep-19,897312
Neighborhood 1,2194,1,0,Sep-19,787029
Neighborhood 1,2055,2,0,Sep-19,670119
Neighborhood 1,2181,1,0,Sep-19,657893
Neighborhood 1,2159,3,0,Sep-19,552108
Neighborhood 2,1280,1,0,Sep-19,636669
Neighborhood 2,1467,1,0,Sep-19,659683
Neighborhood 2,1670,1,0,Sep-19,554878
Neighborhood 2,1258,1,0,Sep-19,508653
Neighborhood 1,2061,1,0,Sep-19,769023
Neighborhood 2,1326,1,0,Sep-19,595969
Neighborhood 2,1744,1,0,Sep-19,590724
Neighborhood 2,1588,3,0,Sep-19,420071
Neighborhood 1,2097,2,0,Sep-19,766475
Neighborhood 2,1246,1,1,Sep-19,520367
Neighborhood 2,1427,1,0,Sep-19,480568
Neighborhood 1,2166,2,1,Sep-19,689235
Neighborhood 1,2154,2,0,Sep-19,650143
Neighborhood 1,2076,2,0,Sep-19,477469
Neighborhood 2,1238,1,0,Sep-19,433602
Neighborhood 2,1576,1,0,Sep-19,543479
Neighborhood 2,1580,1,0,Sep-19,468943
Neighborhood 2,1606,1,0,Sep-19,428810
Neighborhood 1,2328,2,0,Sep-19,492110
Neighborhood 1,2006,2,0,Sep-19,499523
Neighborhood 2,1758,1,0,Sep-19,444788
Neighborhood 2,1437,2,0,Sep-19,488593
Neighborhood 2,1638,3,0,Sep-19,378899
Neighborhood 2,1373,1,0,Sep-19,309379
Neighborhood 2,1645,1,0,Sep-19,511395
Neighborhood 1,2045,2,0,Sep-19,533432
Neighborhood 2,1450,2,0,Sep-19,471258
Neighborhood 1,2019,2,0,Sep-19,557558
Neighborhood 2,1659,1,0,Sep-19,451799
Neighborhood 2,1748,3,0,Sep-19,467650
Neighborhood 1,2171,4,0,Sep-19,727748
Neighborhood 2,1292,1,0,Sep-19,359550
Neighborhood 2,1601,1,0,Sep-19,586241
Neighborhood 1,2298,3,0,Sep-19,642630
Neighborhood 1,2188,2,0,Sep-19,684245
Neighborhood 2,1686,1,0,Sep-19,497667
Neighborhood 1,2198,3,0,Sep-19,486658
Neighborhood 2,1371,1,0,Sep-19,441808
Neighborhood 2,1628,1,0,Sep-19,668094
Neighborhood 1,2084,2,0,Sep-19,923000
Neighborhood 2,1574,1,0,Sep-19,447173
Neighborhood 1,2361,3,0,Sep-19,716681
Neighborhood 2,1225,1,0,Sep-19,562194
Neighborhood 2,1466,1,0,Sep-19,311345
Neighborhood 2,1585,1,0,Sep-19,357670
Neighborhood 1,2380,3,0,Sep-19,443537
Neighborhood 2,1549,2,0,Sep-19,439270
Neighborhood 2,1547,2,0,Sep-19,684044
Neighborhood 2,1285,2,0,Sep-19,491967
Neighborhood 1,2368,2,0,Sep-19,568492
Neighborhood 1,2133,2,0,Sep-19,666974
Neighborhood 1,2079,3,0,Sep-19,643037
Neighborhood 2,1547,1,0,Sep-19,367065
Neighborhood 2,1525,1,0,Sep-19,405836
Neighborhood 2,1771,2,0,Sep-19,494163
Neighborhood 1,2542,1,1,Sep-19,740430
Neighborhood 2,1465,1,0,Sep-19,631275
Neighborhood 2,1571,1,0,Sep-19,728125
Neighborhood 1,2196,2,0,Sep-19,470792
Neighborhood 1,2235,2,0,Sep-19,814108
Neighborhood 2,1527,1,0,Sep-19,452121
Neighborhood 2,1357,1,0,Sep-19,560038
Neighborhood 1,2332,4,1,Sep-19,638034
Neighborhood 2,1396,1,0,Sep-19,561705
Neighborhood 2,1343,1,0,Sep-19,550946
Neighborhood 2,1844,1,0,Sep-19,475306
Neighborhood 1,2086,3,0,Sep-19,693120
Neighborhood 2,1346,1,0,Sep-19,432693
Neighborhood 2,1577,1,0,Sep-19,627635
Neighborhood 1,2542,4,0,Sep-19,648630
Neighborhood 2,1353,1,0,Sep-19,467556
Neighborhood 1,2296,3,0,Sep-19,538009
Neighborhood 2,1487,3,0,Sep-19,310063
Neighborhood 2,1358,2,0,Sep-19,429321
Neighborhood 1,2148,2,1,Sep-19,708070
Neighborhood 2,1502,1,0,Sep-19,384617
Neighborhood 1,2112,2,1,Sep-19,524455
Neighborhood 2,1487,1,0,Sep-19,476109
Neighborhood 2,1519,1,0,Sep-19,510346
Neighborhood 2,1494,1,0,Sep-19,391952
Neighborhood 2,1462,1,0,Sep-19,546689
Neighborhood 2,1499,3,0,Sep-19,375226
Neighborhood 2,1624,1,0,Sep-19,732975
Neighborhood 1,2101,4,0,Sep-19,541020
Neighborhood 1,2207,2,0,Sep-19,783592
Neighborhood 2,1790,1,0,Sep-19,473287
Neighborhood 1,2250,2,0,Sep-19,530059
Neighborhood 2,1756,1,0,Sep-19,585083
Neighborhood 2,1412,1,0,Sep-19,290004
Neighborhood 2,1354,1,0,Sep-19,484859
Neighborhood 1,2213,2,0,Sep-19,685651
Neighborhood 1,2152,2,0,Sep-19,546308
Neighborhood 1,2227,2,0,Sep-19,456057
Neighborhood 1,2086,3,0,Sep-19,419986
Neighborhood 1,2064,2,1,Sep-19,484700
Neighborhood 1,2012,3,0,Sep-19,406765
Neighborhood 1,2083,3,0,Sep-19,735623
Neighborhood 1,2305,2,0,Sep-19,770546
Neighborhood 2,1794,2,0,Sep-19,309000
Neighborhood 2,1283,1,0,Sep-19,431811
Neighborhood 2,1441,1,0,Sep-19,257807
Neighborhood 1,2124,4,0,Sep-19,757605
Neighborhood 2,1382,2,0,Sep-19,480690
Neighborhood 2,1731,1,0,Sep-19,404267
Neighborhood 2,1362,1,0,Sep-19,648879
Neighborhood 1,2163,2,0,Sep-19,544228
Neighborhood 1,2009,2,1,Sep-19,668275
Neighborhood 2,1634,1,0,Sep-19,333539
Neighborhood 2,1616,1,0,Sep-19,317893
Neighborhood 2,1459,1,0,Sep-19,709342
Neighborhood 2,1483,1,0,Sep-19,376307
Neighborhood 1,2025,2,0,Sep-19,697131
Neighborhood 1,2118,2,0,Sep-19,437852
Neighborhood 2,1443,1,0,Sep-19,614197
Neighborhood 1,2185,3,0,Sep-19,600255
Neighborhood 2,1489,1,0,Sep-19,347556
Neighborhood 1,2328,3,0,Sep-19,677846
Neighborhood 2,1600,1,0,Sep-19,683351
Neighborhood 2,1467,1,0,Sep-19,695377
Neighborhood 2,1595,3,0,Sep-19,334037
Neighborhood 2,1408,1,0,Sep-19,615615
Neighborhood 2,1537,1,0,Sep-19,462029
Neighborhood 2,1344,1,0,Sep-19,478974
Neighborhood 1,2109,3,0,Sep-19,839470
Neighborhood 2,1420,2,0,Sep-19,440756
Neighborhood 1,2013,2,0,Sep-19,591606
Neighborhood 2,1319,1,0,Sep-19,457849
Neighborhood 1,2204,2,0,Sep-19,522655
Neighborhood 1,2310,2,0,Sep-19,766775
Neighborhood 1,2080,2,0,Sep-19,734387
Neighborhood 1,2050,2,0,Sep-19,382300
Neighborhood 1,2156,2,0,Sep-19,529214
Neighborhood 2,1393,1,1,Sep-19,611217
Neighborhood 2,1358,1,1,Sep-19,627072
Neighborhood 2,1539,1,0,Sep-19,550330
Neighborhood 1,2286,2,1,Sep-19,632405
Neighborhood 2,1345,1,0,Sep-19,423898
Neighborhood 2,1601,1,0,Sep-19,411965
Neighborhood 2,1440,1,0,Sep-19,437256
Neighborhood 2,1466,1,0,Sep-19,498699
Neighborhood 2,1626,1,1,Sep-19,407153
Neighborhood 1,2006,3,0,Sep-19,506432
Neighborhood 1,2128,2,0,Sep-19,662725
Neighborhood 2,1562,1,0,Sep-19,669268
Neighborhood 2,1904,2,0,Sep-19,783861
Neighborhood 2,1466,1,0,Sep-19,474780
Neighborhood 2,1326,1,0,Sep-19,570791
Neighborhood 1,2251,2,1,Sep-19,611396
Neighborhood 2,1558,1,0,Sep-19,484607
Neighborhood 1,2422,3,0,Sep-19,643039
Neighborhood 2,1460,1,0,Sep-19,722004
Neighborhood 1,2098,2,0,Sep-19,562302
Neighborhood 1,2091,3,0,Sep-19,763790
Neighborhood 2,1605,2,0,Sep-19,620812
Neighborhood 2,1613,1,0,Sep-19,508083
Neighborhood 2,1632,1,0,Sep-19,622401
Neighborhood 1,2218,2,0,Sep-19,711908
Neighborhood 2,1523,1,0,Sep-19,449341
Neighborhood 2,1748,1,0,Sep-19,314325
Neighborhood 2,1563,1,0,Sep-19,612638
Neighborhood 2,1430,3,0,Sep-19,543710
Neighborhood 2,1265,1,0,Sep-19,574748
Neighborhood 2,1826,1,0,Sep-19,514617
Neighborhood 2,1826,1,0,Sep-19,473005
Neighborhood 2,1867,1,0,Sep-19,623846
Neighborhood 2,1305,1,0,Sep-19,494112
Neighborhood 1,2127,3,0,Sep-19,737265
Neighborhood 2,1732,1,0,Sep-19,431401
Neighborhood 2,1521,2,0,Sep-19,387866
Neighborhood 1,2015,2,0,Sep-19,760402
Neighborhood 2,1409,1,0,Sep-19,375485
Neighborhood 1,2318,2,1,Sep-19,731229
Neighborhood 2,1654,1,1,Sep-19,411296
Neighborhood 1,2108,2,0,Sep-19,782423
Neighborhood 2,1428,2,1,Sep-19,678051
Neighborhood 2,1272,1,0,Sep-19,448923
Neighborhood 2,1342,1,0,Sep-19,663374
Neighborhood 2,1555,1,0,Sep-19,360529
Neighborhood 2,1237,2,0,Sep-19,412716
Neighborhood 1,2167,2,0,Sep-19,479202
Neighborhood 2,1379,1,0,Sep-19,396625
Neighborhood 1,2193,3,0,Sep-19,709091
Neighborhood 2,1562,1,0,Sep-19,481551
Neighborhood 2,1754,1,0,Sep-19,250480
Neighborhood 2,1793,1,0,Sep-19,434717
Neighborhood 1,2058,2,0,Sep-19,488848
Neighborhood 2,1358,1,0,Sep-19,521293
Neighborhood 2,1387,3,0,Sep-19,321035
Neighborhood 2,1725,1,0,Sep-19,428428
Neighborhood 1,2127,3,0,Sep-19,628170
Neighborhood 2,1447,2,0,Sep-19,533716
Neighborhood 2,1418,1,0,Sep-19,429978
Neighborhood 1,2505,2,0,Sep-19,601893
Neighborhood 2,1510,1,0,Sep-19,474075
Neighborhood 2,1496,1,0,Sep-19,524277
Neighborhood 2,1370,1,0,Sep-19,502103
Neighborhood 1,2033,2,0,Sep-19,724572
Neighborhood 2,1454,1,0,Sep-19,560341
Neighborhood 1,2239,2,1,Sep-19,689114
Neighborhood 2,1536,2,0,Sep-19,503018
Neighborhood 1,2363,2,1,Sep-19,722884
Neighborhood 2,1355,1,0,Sep-19,295779
Neighborhood 1,2178,2,1,Sep-19,750684
Neighborhood 2,1514,1,0,Sep-19,567171
Neighborhood 1,2315,2,1,Sep-19,436485
Neighborhood 2,1515,2,0,Sep-19,485843
Neighborhood 1,2422,2,0,Sep-19,700446
Neighborhood 2,1338,1,0,Sep-19,428985
Neighborhood 2,1670,1,0,Sep-19,464539
Neighborhood 2,1356,1,0,Sep-19,347468
Neighborhood 2,1789,1,0,Sep-19,451613
Neighborhood 2,1697,1,0,Sep-19,396188
Neighborhood 2,1364,1,0,Sep-19,613004
Neighborhood 2,1567,2,0,Sep-19,456789
Neighborhood 1,2040,3,0,Sep-19,493286
Neighborhood 2,1273,2,1,Sep-19,477141
Neighborhood 1,2004,2,1,Sep-19,949760
Neighborhood 1,2303,2,1,Sep-19,708307
Neighborhood 2,1829,1,0,Sep-19,389846
Neighborhood 1,2107,2,1,Sep-19,910918
Neighborhood 1,2068,2,0,Sep-19,740773
Neighborhood 2,1427,1,0,Sep-19,502820
Neighborhood 2,1663,1,0,Sep-19,499661
Neighborhood 1,2070,2,0,Sep-19,760269
Neighborhood 2,1586,2,0,Sep-19,219656
Neighborhood 2,1651,3,0,Sep-19,685672
Neighborhood 2,1430,1,0,Sep-19,410489
Neighborhood 2,1603,1,0,Sep-19,375759
Neighborhood 1,2282,2,0,Sep-19,453044
Neighborhood 1,2561,2,0,Sep-19,544399
Neighborhood 2,1564,1,0,Sep-19,437213
Neighborhood 2,1443,1,0,Sep-19,389318
Neighborhood 2,1608,1,0,Sep-19,552945
Neighborhood 1,2112,1,0,Sep-19,575496
Neighborhood 2,1735,1,0,Sep-19,614932
Neighborhood 2,1521,1,0,Sep-19,230047
Neighborhood 1,2005,3,0,Sep-19,743352
Neighborhood 2,1485,2,0,Sep-19,455911
Neighborhood 2,1392,2,0,Sep-19,320042
Neighborhood 2,1381,1,0,Sep-19,263754
Neighborhood 1,2043,3,0,Sep-19,704777
Neighborhood 1,2368,2,0,Sep-19,604273
Neighborhood 2,1617,1,0,Sep-19,533023
Neighborhood 2,1700,1,0,Sep-19,626565
Neighborhood 1,2222,1,0,Sep-19,522912
Neighborhood 1,2182,2,0,Sep-19,670192
Neighborhood 2,1635,1,0,Sep-19,524940
Neighborhood 2,1516,1,0,Sep-19,540498
Neighborhood 2,1401,2,0,Sep-19,602997
Neighborhood 1,2233,2,0,Sep-19,561880
Neighborhood 1,2230,2,1,Sep-19,655644
Neighborhood 2,1706,1,0,Sep-19,452620
Neighborhood 2,1204,1,0,Sep-19,348201
Neighborhood 2,1623,2,0,Sep-19,490012
Neighborhood 2,1686,1,0,Sep-19,538993
Neighborhood 1,2523,3,0,Sep-19,688844
Neighborhood 2,1537,1,0,Sep-19,505601
Neighborhood 2,1397,1,0,Sep-19,519524
Neighborhood 2,1704,1,0,Sep-19,679930
Neighborhood 1,2137,1,0,Sep-19,705924
Neighborhood 2,1904,1,0,Sep-19,596187
Neighborhood 1,2235,2,0,Sep-19,637870
Neighborhood 2,1366,1,0,Sep-19,499695
Neighborhood 1,2127,4,1,Sep-19,521421
Neighborhood 2,1630,1,0,Sep-19,439849
Neighborhood 1,2244,2,0,Sep-19,696305
Neighborhood 2,1326,1,0,Sep-19,362079
Neighborhood 2,1285,3,0,Sep-19,472758
Neighborhood 2,1495,1,0,Sep-19,458806
Neighborhood 2,1500,1,0,Sep-19,506821
Neighborhood 2,1704,1,0,Sep-19,399264
Neighborhood 1,2084,3,0,Sep-19,491415
Neighborhood 2,1549,1,1,Sep-19,611651
Neighborhood 2,1455,1,0,Sep-19,480650
Neighborhood 2,1732,1,0,Sep-19,496201
Neighborhood 1,2088,2,0,Sep-19,544608
Neighborhood 1,2204,4,0,Sep-19,649079
Neighborhood 2,1812,1,0,Sep-19,642607
Neighborhood 2,1779,2,0,Sep-19,575278
Neighborhood 2,1500,2,0,Sep-19,377236
Neighborhood 1,2021,2,0,Sep-19,493787
Neighborhood 1,2125,3,1,Sep-19,654099
Neighborhood 1,2179,2,1,Sep-19,417444
Neighborhood 2,1344,1,0,Sep-19,395551
Neighborhood 2,1489,1,0,Sep-19,397936
Neighborhood 2,1758,1,0,Sep-19,569387
Neighborhood 2,1350,3,0,Sep-19,493625
Neighborhood 2,2065,1,0,Sep-19,373227
Neighborhood 2,1535,1,0,Sep-19,431052
Neighborhood 1,2630,2,1,Sep-19,735538
Neighborhood 2,1624,1,0,Sep-19,568585
Neighborhood 1,2397,2,0,Sep-19,732727
Neighborhood 2,1574,1,0,Sep-19,401854
Neighborhood 2,1435,1,0,Sep-19,554477
Neighborhood 2,1526,1,0,Sep-19,635951
Neighborhood 2,1374,1,0,Sep-19,560376
Neighborhood 2,1381,2,0,Sep-19,463522
Neighborhood 2,1623,1,0,Sep-19,249094
Neighborhood 2,1723,1,0,Sep-19,424948
Neighborhood 2,1538,1,0,Sep-19,509308
Neighborhood 2,1819,2,0,Sep-19,396536
Neighborhood 2,1838,1,0,Sep-19,512109
Neighborhood 1,2164,2,0,Sep-19,524638
Neighborhood 2,1570,1,0,Sep-19,524611
Neighborhood 1,2117,2,1,Sep-19,578686
Neighborhood 2,2061,1,0,Sep-19,592699
Neighborhood 1,2041,2,0,Sep-19,663754
Neighborhood 1,2135,2,0,Sep-19,461502
Neighborhood 2,1422,1,0,Sep-19,462162
Neighborhood 2,1705,2,0,Sep-19,449617
Neighborhood 1,2246,2,0,Sep-19,392857
Neighborhood 1,2120,2,1,Sep-19,744214
Neighborhood 2,1646,1,0,Sep-19,405007
Neighborhood 2,1516,1,0,Sep-19,379242
Neighborhood 2,1315,1,0,Sep-19,469435
Neighborhood 1,2110,2,0,Sep-19,747323
Neighborhood 2,1489,1,0,Sep-19,453754
Neighborhood 1,2220,2,1,Sep-19,703025
Neighborhood 2,1395,3,0,Sep-19,327610
Neighborhood 2,1422,1,0,Sep-19,597151
Neighborhood 1,2013,2,0,Sep-19,732467
Neighborhood 2,1690,1,0,Sep-19,434727
Neighborhood 2,1540,1,0,Sep-19,598845
Neighborhood 1,2577,3,0,Sep-19,670250
Neighborhood 2,1559,2,0,Sep-19,227192
Neighborhood 1,2013,2,0,Sep-19,463944
Neighborhood 1,2051,2,0,Sep-19,560333
Neighborhood 1,2326,2,1,Sep-19,453762
Neighborhood 2,1507,1,0,Sep-19,478644
Neighborhood 2,1590,1,0,Sep-19,484955
Neighborhood 2,1812,2,0,Sep-19,440385
Neighborhood 2,1514,1,0,Sep-19,318632
Neighborhood 1,2066,2,0,Sep-19,635492
Neighborhood 2,1538,1,0,Sep-19,494452
Neighborhood 1,2122,2,0,Sep-19,477680
Neighborhood 2,1420,2,0,Sep-19,440766
Neighborhood 1,2115,2,0,Sep-19,837423
Neighborhood 2,1277,1,0,Sep-19,373149
Neighborhood 1,2221,3,0,Sep-19,551041
Neighborhood 2,1765,1,0,Sep-19,495636
Neighborhood 2,1481,1,0,Sep-19,495869
Neighborhood 1,2022,2,1,Sep-19,669717
Neighborhood 2,1421,2,0,Sep-19,395512
Neighborhood 2,1384,2,0,Sep-19,562197
Neighborhood 2,1488,1,0,Sep-19,459594
Neighborhood 2,1321,1,0,Sep-19,305994
Neighborhood 2,1452,1,0,Sep-19,449371
Neighborhood 1,2487,2,1,Sep-19,496267
Neighborhood 2,1729,1,0,Sep-19,741343
Neighborhood 2,1314,1,0,Sep-19,732232
Neighborhood 2,1721,1,1,Sep-19,600812
Neighborhood 2,1426,1,0,Sep-19,276673
Neighborhood 1,2019,2,0,Sep-19,602630
Neighborhood 2,1816,1,0,Sep-19,356749
Neighborhood 1,2174,3,0,Sep-19,720887
Neighborhood 2,1218,1,0,Sep-19,463509
Neighborhood 2,1259,1,0,Sep-19,691789
Neighborhood 2,1634,1,0,Sep-19,574644
Neighborhood 2,1440,2,0,Sep-19,485608
Neighborhood 2,1204,1,0,Sep-19,250779
Neighborhood 2,1441,1,0,Sep-19,376312
Neighborhood 2,1282,1,0,Sep-19,562541
Neighborhood 2,1426,1,0,Sep-19,384119
Neighborhood 2,1365,1,0,Sep-19,539103
Neighborhood 2,1835,1,0,Sep-19,588438
Neighborhood 2,1850,1,0,Sep-19,431465
Neighborhood 1,2139,2,1,Sep-19,547279
Neighborhood 2,1562,1,0,Sep-19,738964
Neighborhood 2,1587,1,0,Sep-19,471169
Neighborhood 1,2078,4,0,Sep-19,670577
Neighborhood 1,2135,3,0,Sep-19,634930
Neighborhood 1,2205,2,0,Sep-19,699304
Neighborhood 1,2368,2,0,Sep-19,695451
Neighborhood 2,1467,1,0,Sep-19,624187
Neighborhood 2,1560,1,0,Sep-19,572170
Neighborhood 2,1436,1,0,Sep-19,292568
Neighborhood 1,2257,2,1,Sep-19,635006
Neighborhood 1,2160,2,0,Sep-19,588925
Neighborhood 1,2102,2,0,Sep-19,580714
Neighborhood 1,2148,2,1,Sep-19,564387
Neighborhood 2,1636,3,0,Sep-19,338074
Neighborhood 1,2217,2,0,Sep-19,477813
Neighborhood 1,2340,4,0,Sep-19,787869
Neighborhood 1,2206,3,0,Sep-19,426030
Neighborhood 1,2403,2,0,Sep-19,598309
Neighborhood 1,2049,4,0,Sep-19,887287
Neighborhood 2,1814,1,0,Sep-19,612262
Neighborhood 2,1666,1,0,Sep-19,498447
Neighborhood 1,2192,2,0,Sep-19,934801
Neighborhood 2,1664,1,0,Sep-19,535395
Neighborhood 2,1554,1,0,Sep-19,524794
Neighborhood 1,2168,3,0,Sep-19,935967
Neighborhood 1,2005,2,0,Sep-19,414273
Neighborhood 1,2036,2,0,Sep-19,674671
Neighborhood 1,2010,2,0,Sep-19,495248
Neighborhood 2,1968,1,0,Sep-19,591860
Neighborhood 2,1434,2,0,Sep-19,342720
Neighborhood 1,2047,2,0,Sep-19,681923
Neighborhood 1,2246,2,0,Sep-19,448953
Neighborhood 2,1485,2,0,Sep-19,383072
Neighborhood 1,2606,3,0,Sep-19,646317
Neighborhood 1,2267,2,0,Sep-19,779121
Neighborhood 1,2105,2,1,Sep-19,515616
Neighborhood 2,1641,1,0,Sep-19,592967
Neighborhood 2,1549,1,0,Sep-19,623663
Neighborhood 2,1719,1,0,Sep-19,483447
Neighborhood 1,2109,2,0,Sep-19,671318
Neighborhood 1,2107,3,0,Sep-19,452399
Neighborhood 1,2858,2,0,Sep-19,664610
Neighborhood 2,1435,2,0,Sep-19,486333
Neighborhood 2,1485,1,0,Sep-19,660292
Neighborhood 2,1644,1,0,Sep-19,753077
Neighborhood 1,2056,3,1,Sep-19,657769
Neighborhood 2,1761,1,0,Sep-19,476097
Neighborhood 2,1390,1,0,Sep-19,502061
Neighborhood 1,2142,3,0,Sep-19,509057
Neighborhood 1,2212,2,0,Sep-19,795324
Neighborhood 2,1590,1,0,Sep-19,456562
Neighborhood 1,2310,2,0,Sep-19,486615
Neighborhood 2,1815,1,0,Sep-19,774439
Neighborhood 1,2076,3,0,Sep-19,619949
Neighborhood 2,1748,1,0,Sep-19,510481
Neighborhood 2,1357,1,0,Sep-19,375329
Neighborhood 1,2251,2,0,Sep-19,698811
Neighborhood 1,2224,2,0,Sep-19,607708
Neighborhood 1,2248,4,0,Sep-19,461309
Neighborhood 2,1798,1,0,Sep-19,438434
Neighborhood 2,1513,1,0,Sep-19,447413
Neighborhood 1,2480,2,0,Sep-19,688124
Neighborhood 1,2212,3,0,Sep-19,479062
Neighborhood 2,1334,1,0,Sep-19,633549
Neighborhood 2,1817,1,0,Sep-19,368150
Neighborhood 2,1515,3,0,Sep-19,355722
Neighborhood 2,1793,1,0,Sep-19,582130
Neighborhood 1,2361,2,0,Sep-19,640168
Neighborhood 1,2008,2,0,Sep-19,416530
Neighborhood 1,2223,2,0,Sep-19,487894
Neighborhood 1,2214,2,0,Sep-19,577605
Neighborhood 1,2364,2,0,Sep-19,748833
Neighborhood 1,2224,2,0,Sep-19,670921
Neighborhood 2,1361,2,0,Sep-19,597929
Neighborhood 2,1502,1,0,Sep-19,239909
Neighborhood 1,2216,4,0,Sep-19,669947
Neighborhood 2,1214,1,0,Sep-19,541015
Neighborhood 1,2282,1,1,Sep-19,666262
Neighborhood 1,2075,2,1,Sep-19,454143
Neighborhood 2,1385,2,0,Sep-19,537405
Neighborhood 2,1330,1,0,Sep-19,719419
Neighborhood 2,1833,1,0,Sep-19,575085
Neighborhood 1,2060,3,1,Sep-19,660053
Neighborhood 2,1494,1,0,Sep-19,555396
Neighborhood 1,2134,3,0,Sep-19,495105
Neighborhood 2,1638,2,0,Sep-19,740659
Neighborhood 2,1406,1,0,Sep-19,340032
Neighborhood 1,2209,2,0,Sep-19,637223
Neighborhood 2,1645,1,0,Sep-19,307247
Neighborhood 2,1542,1,0,Sep-19,401993
Neighborhood 1,2050,1,0,Sep-19,922271
Neighborhood 2,1504,1,0,Sep-19,562314
Neighborhood 2,1605,2,0,Sep-19,495714
Neighborhood 1,2648,2,0,Sep-19,592260
Neighborhood 1,2180,2,0,Sep-19,460882
Neighborhood 2,1245,1,0,Sep-19,262290
Neighborhood 1,2121,4,0,Sep-19,688526
Neighborhood 2,1385,1,0,Sep-19,516398
Neighborhood 2,1208,1,0,Sep-19,410487
Neighborhood 2,1291,1,0,Sep-19,288014
Neighborhood 2,2078,1,0,Sep-19,428557
Neighborhood 2,1748,3,0,Sep-19,616838
Neighborhood 2,1321,1,0,Sep-19,350148
Neighborhood 1,2046,2,0,Sep-19,638999
Neighborhood 1,2356,2,1,Sep-19,542845
Neighborhood 2,1536,1,0,Sep-19,401952
Neighborhood 2,1643,1,0,Sep-19,478455
Neighborhood 2,1366,2,0,Sep-19,451077
Neighborhood 1,2446,2,1,Sep-19,528262
Neighborhood 2,1407,1,1,Sep-19,665546
Neighborhood 2,1299,1,0,Sep-19,596488
Neighborhood 2,1771,1,0,Sep-19,388167
Neighborhood 1,2298,2,0,Sep-19,695860
Neighborhood 2,1507,2,0,Sep-19,467664
Neighborhood 2,1335,1,0,Sep-19,442026
Neighborhood 2,1230,1,0,Sep-19,444774
Neighborhood 1,2455,2,0,Sep-19,646431
Neighborhood 1,2280,2,0,Sep-19,743779
Neighborhood 1,2002,2,0,Sep-19,689101
Neighborhood 2,1593,1,0,Sep-19,522978
Neighborhood 2,1600,1,0,Sep-19,571383
Neighborhood 2,1757,1,0,Sep-19,492843
Neighborhood 1,2321,2,1,Sep-19,747533
Neighborhood 2,1681,1,0,Sep-19,615541
Neighborhood 2,1510,2,0,Sep-19,406864
Neighborhood 2,1602,3,0,Sep-19,612382
Neighborhood 2,1448,1,0,Sep-19,573305
Neighborhood 1,2023,2,0,Sep-19,795643
Neighborhood 2,1377,1,0,Sep-19,404347
Neighborhood 2,1589,1,0,Sep-19,561069
Neighborhood 2,1425,1,0,Sep-19,455973
Neighborhood 1,2060,2,0,Sep-19,437066
Neighborhood 1,2079,3,0,Sep-19,735277
Neighborhood 2,1537,1,0,Sep-19,497416
Neighborhood 2,1365,1,0,Sep-19,381500
Neighborhood 1,2238,2,0,Sep-19,540178
Neighborhood 2,1535,1,0,Sep-19,588148
Neighborhood 2,1623,1,0,Sep-19,563324
Neighborhood 2,1751,1,0,Sep-19,458550
Neighborhood 2,1633,1,0,Sep-19,456452
Neighborhood 1,2384,2,0,Sep-19,602913
Neighborhood 2,1625,1,0,Sep-19,367841
Neighborhood 2,1758,1,0,Sep-19,651983
Neighborhood 1,2169,2,0,Sep-19,484840
Neighborhood 1,2107,2,0,Sep-19,564900
Neighborhood 2,1928,2,0,Sep-19,587247
Neighborhood 2,1747,1,0,Sep-19,684268
Neighborhood 2,1411,1,0,Sep-19,430326
Neighborhood 1,2201,2,1,Sep-19,459051
Neighborhood 1,2041,2,0,Sep-19,678257
Neighborhood 2,1265,1,0,Sep-19,490200
Neighborhood 2,1400,1,0,Sep-19,501046
Neighborhood 1,2160,3,0,Sep-19,580774
Neighborhood 2,1441,1,0,Sep-19,469305
Neighborhood 2,1613,1,0,Sep-19,515051
Neighborhood 2,1572,1,0,Sep-19,241325
Neighborhood 2,1614,2,0,Sep-19,416218
Neighborhood 2,1524,1,0,Sep-19,716638
Neighborhood 2,1432,1,0,Sep-19,307037
Neighborhood 2,1555,1,0,Sep-19,667755
Neighborhood 1,2153,2,0,Sep-19,640170
Neighborhood 2,1383,1,0,Sep-19,400325
Neighborhood 2,1381,1,0,Sep-19,642842
Neighborhood 2,1453,1,0,Sep-19,313779
Neighborhood 1,2130,2,0,Sep-19,619096
Neighborhood 1,2039,2,0,Sep-19,671974
Neighborhood 2,1451,1,0,Sep-19,305455
Neighborhood 2,1566,2,0,Sep-19,661455
Neighborhood 2,1664,2,0,Sep-19,484259
Neighborhood 2,1661,1,0,Sep-19,424935
Neighborhood 1,2242,2,1,Sep-19,675288
Neighborhood 2,1819,3,0,Sep-19,537123
Neighborhood 1,2476,4,0,Sep-19,544193
Neighborhood 1,2187,2,0,Sep-19,574607
Neighborhood 1,2272,2,0,Sep-19,752149
Neighborhood 2,1391,1,0,Sep-19,526740
Neighborhood 2,1349,1,0,Sep-19,530992
Neighborhood 1,2102,1,0,Sep-19,618487
Neighborhood 2,1501,1,0,Sep-19,321050
Neighborhood 2,1308,1,0,Sep-19,338669
Neighborhood 2,1568,1,1,Sep-19,517485
Neighborhood 2,1543,1,0,Sep-19,483429
Neighborhood 2,1624,1,0,Sep-19,788926
Neighborhood 1,2356,2,0,Sep-19,600802
Neighborhood 2,1648,1,0,Sep-19,647046
Neighborhood 2,1550,2,0,Sep-19,370778
Neighborhood 2,1707,1,0,Sep-19,537119
Neighborhood 1,2241,3,1,Sep-19,821532
Neighborhood 2,1459,1,0,Sep-19,746991
Neighborhood 2,1960,1,0,Sep-19,579730
Neighborhood 2,1624,1,0,Sep-19,458684
Neighborhood 2,1627,1,0,Sep-19,361973
Neighborhood 2,1391,1,0,Sep-19,240904
Neighborhood 2,1514,1,0,Sep-19,236786
Neighborhood 2,1292,2,0,Sep-19,440063
Neighborhood 1,2108,3,0,Sep-19,821224
Neighborhood 2,1788,1,0,Sep-19,371690
Neighborhood 2,1375,3,0,Sep-19,250973
Neighborhood 1,2260,2,0,Sep-19,769153
Neighborhood 2,1290,1,0,Sep-19,490582
Neighborhood 1,2059,2,0,Sep-19,601762
Neighborhood 1,2314,3,1,Sep-19,439101
Neighborhood 1,2272,2,0,Sep-19,646742
Neighborhood 2,1692,1,0,Sep-19,251529
Neighborhood 2,1538,3,0,Sep-19,317669
Neighborhood 2,1280,3,1,Sep-19,537104
Neighborhood 2,1216,1,1,Sep-19,503290
Neighborhood 1,2085,2,0,Sep-19,591601
Neighborhood 1,2311,2,0,Sep-19,699354
Neighborhood 1,2104,3,0,Sep-19,752327
Neighborhood 2,1288,1,0,Sep-19,379307
Neighborhood 2,1444,1,0,Sep-19,528987
Neighborhood 1,2255,3,0,Sep-19,783845
Neighborhood 2,1329,1,0,Sep-19,456835
Neighborhood 2,1316,1,0,Sep-19,223745
Neighborhood 1,2614,2,0,Sep-19,530387
Neighborhood 2,1712,1,0,Sep-19,483758
Neighborhood 2,1219,1,0,Sep-19,401444
Neighborhood 1,2234,2,1,Sep-19,616086
Neighborhood 2,1463,1,0,Sep-19,330450
Neighborhood 2,1558,1,0,Sep-19,597157
Neighborhood 1,2158,2,0,Sep-19,471877
Neighborhood 2,1289,3,0,Sep-19,463404
Neighborhood 2,1720,1,0,Sep-19,487358
Neighborhood 1,2177,3,1,Sep-19,519773
Neighborhood 2,1493,2,0,Sep-19,509954
Neighborhood 2,1445,1,0,Sep-19,591639
Neighborhood 1,2100,1,1,Sep-19,498367
Neighborhood 1,2044,2,0,Sep-19,541181
Neighborhood 1,2229,2,0,Sep-19,748460
Neighborhood 1,2138,3,0,Sep-19,726998
Neighborhood 2,1504,1,0,Sep-19,614697
Neighborhood 2,1384,2,0,Sep-19,517106
Neighborhood 2,1617,1,0,Sep-19,543055
Neighborhood 2,1275,1,0,Sep-19,304833
Neighborhood 2,1724,1,0,Sep-19,362196
Neighborhood 1,2333,1,0,Sep-19,521828
Neighborhood 2,1337,1,0,Sep-19,335499
Neighborhood 2,1674,3,1,Sep-19,448143
Neighborhood 2,1215,1,0,Sep-19,524188
Neighborhood 2,1520,1,0,Sep-19,624810
Neighborhood 1,2165,1,0,Sep-19,530384
Neighborhood 2,1384,1,0,Sep-19,393036
Neighborhood 1,2362,2,0,Sep-19,614929
Neighborhood 1,2043,2,0,Sep-19,546493
Neighborhood 2,1678,1,0,Sep-19,316151
Neighborhood 2,1574,2,0,Sep-19,571809
Neighborhood 1,2194,2,1,Sep-19,587102
Neighborhood 1,2126,4,0,Sep-19,540997
Neighborhood 2,1706,1,0,Sep-19,401158
Neighborhood 2,1400,3,0,Sep-19,398534
Neighborhood 2,1656,1,0,Sep-19,459485
Neighborhood 2,1469,1,0,Sep-19,706065
Neighborhood 1,2365,2,0,Sep-19,612844
Neighborhood 2,1667,1,0,Sep-19,540207
Neighborhood 1,2103,3,1,Sep-19,575237
Neighborhood 2,1245,1,0,Sep-19,534733
Neighborhood 2,1423,1,0,Sep-19,503824
Neighborhood 1,2148,2,1,Sep-19,601966
Neighborhood 2,1474,3,0,Sep-19,414136
Neighborhood 1,2102,2,0,Sep-19,507556
Neighborhood 2,1441,1,0,Sep-19,561628
Neighborhood 2,1443,1,0,Sep-19,636593
Neighborhood 2,1526,3,0,Sep-19,551380
Neighborhood 2,1564,3,0,Sep-19,535703
Neighborhood 1,2106,2,0,Sep-19,814952
Neighborhood 1,2368,3,0,Sep-19,521030
Neighborhood 2,1288,1,0,Sep-19,502457
Neighborhood 2,1374,1,0,Sep-19,419336
Neighborhood 1,2504,3,0,Sep-19,628722
Neighborhood 1,2185,2,0,Sep-19,527505
Neighborhood 1,2035,1,0,Sep-19,602344
Neighborhood 1,2050,2,0,Sep-19,690628
Neighborhood 1,2112,2,1,Sep-19,668269
Neighborhood 2,1408,1,0,Sep-19,641674
Neighborhood 1,2092,2,0,Sep-19,535148
Neighborhood 1,2220,4,0,Sep-19,722518
Neighborhood 2,1841,1,0,Sep-19,403846
Neighborhood 2,1552,3,0,Sep-19,561149
Neighborhood 1,2286,2,0,Sep-19,742024
Neighborhood 2,1557,2,0,Sep-19,568353
Neighborhood 1,2311,1,0,Sep-19,613400
Neighborhood 2,1283,1,0,Sep-19,439155
Neighborhood 1,2039,2,0,Sep-19,674445
Neighborhood 2,1484,1,0,Sep-19,411464
Neighborhood 2,1519,1,0,Sep-19,437093
Neighborhood 2,1511,1,1,Sep-19,593685
Neighborhood 2,1273,1,0,Sep-19,485267
Neighborhood 1,2172,2,0,Sep-19,722083
Neighborhood 2,1684,2,0,Sep-19,608215
Neighborhood 2,2126,1,0,Sep-19,645455
Neighborhood 2,1585,3,0,Sep-19,338885
Neighborhood 1,2043,1,0,Sep-19,745360
Neighborhood 2,1714,3,0,Sep-19,574408
Neighborhood 2,1548,1,0,Sep-19,453910
Neighborhood 1,2293,1,0,Sep-19,746967
Neighborhood 1,2067,2,0,Sep-19,445866
Neighborhood 1,2103,2,0,Sep-19,531922
Neighborhood 2,1508,1,0,Sep-19,466941
Neighborhood 1,2186,3,0,Sep-19,584887
Neighborhood 1,2294,1,0,Sep-19,849401
Neighborhood 2,1475,2,0,Sep-19,523147
Neighborhood 1,2408,2,0,Sep-19,710263
Neighborhood 2,1548,1,0,Sep-19,421061
Neighborhood 1,2175,2,0,Sep-19,617865
Neighborhood 1,2211,2,0,Sep-19,702874
Neighborhood 2,1343,1,0,Sep-19,277161
Neighborhood 2,1863,1,0,Sep-19,350202
Neighborhood 2,1445,2,0,Sep-19,626985
Neighborhood 2,1462,1,1,Sep-19,488204
Neighborhood 2,1344,1,0,Sep-19,512228
Neighborhood 2,1859,3,0,Sep-19,583401
Neighborhood 1,2122,2,0,Sep-19,835015
Neighborhood 1,2449,4,0,Sep-19,653755
Neighborhood 1,2353,2,0,Sep-19,430909
Neighborhood 2,1391,1,0,Sep-19,549150
Neighborhood 1,2256,1,0,Sep-19,388924
Neighborhood 2,1308,1,0,Sep-19,367649
Neighborhood 2,1507,1,0,Sep-19,467146
Neighborhood 1,2217,2,0,Sep-19,712645
Neighborhood 2,1587,1,0,Sep-19,479066
Neighborhood 1,2198,2,0,Sep-19,666046
Neighborhood 2,1595,1,0,Sep-19,384096
Neighborhood 2,1766,2,0,Sep-19,489927
Neighborhood 2,1379,1,0,Sep-19,627189
Neighborhood 2,1342,1,0,Sep-19,525817
Neighborhood 1,2156,2,1,Sep-19,667977
Neighborhood 2,1870,2,0,Sep-19,579712
Neighborhood 2,1388,1,0,Sep-19,458448
Neighborhood 2,1729,1,0,Sep-19,505396
Neighborhood 2,1664,1,0,Sep-19,345330
Neighborhood 2,1588,1,0,Sep-19,317513
Neighborhood 1,2664,2,1,Sep-19,588718
Neighborhood 2,1488,1,0,Sep-19,457522
Neighborhood 2,1239,1,0,Sep-19,590378
Neighborhood 1,2060,2,1,Sep-19,607939
Neighborhood 1,2346,3,0,Sep-19,548807
Neighborhood 1,2529,2,0,Sep-19,587627
Neighborhood 1,2117,2,0,Sep-19,516722
Neighborhood 2,1449,1,0,Sep-19,578634
Neighborhood 2,1632,1,0,Sep-19,321138
Neighborhood 2,1204,1,0,Sep-19,404510
Neighborhood 2,1387,2,0,Sep-19,478248
Neighborhood 2,2039,1,0,Sep-19,580140
Neighborhood 2,1550,3,0,Sep-19,424994
Neighborhood 1,2080,2,1,Sep-19,431055
Neighborhood 1,2070,4,1,Sep-19,497863
Neighborhood 1,2355,3,0,Sep-19,642450
Neighborhood 1,2148,3,0,Sep-19,710622
Neighborhood 2,1290,2,1,Sep-19,359830
Neighborhood 1,2124,2,0,Sep-19,688180
Neighborhood 2,1545,1,0,Sep-19,456402
Neighborhood 1,2081,1,0,Sep-19,592856
Neighborhood 2,1480,1,0,Sep-19,501681
Neighborhood 1,2315,2,0,Sep-19,454101
Neighborhood 1,2054,2,0,Sep-19,740060
Neighborhood 1,2186,2,0,Sep-19,660989
Neighborhood 2,1607,2,1,Sep-19,322059
Neighborhood 2,1695,1,0,Sep-19,396678
Neighborhood 2,1422,1,0,Sep-19,334465
Neighborhood 1,2226,2,0,Sep-19,632912
Neighborhood 2,1658,1,0,Sep-19,409761
Neighborhood 2,1596,1,0,Sep-19,561752
Neighborhood 2,1569,1,1,Sep-19,495906
Neighborhood 2,1438,1,0,Sep-19,424931
Neighborhood 1,2131,3,0,Sep-19,895082
Neighborhood 2,1445,1,0,Sep-19,506409
Neighborhood 2,1667,1,0,Sep-19,441468
Neighborhood 2,1331,1,0,Sep-19,411914
Neighborhood 2,1544,1,0,Sep-19,454280
Neighborhood 2,1701,2,0,Sep-19,474415
Neighborhood 1,2183,3,0,Sep-19,722734
Neighborhood 1,2065,4,0,Sep-19,507386
Neighborhood 2,1322,1,0,Sep-19,765077
Neighborhood 1,2019,2,0,Sep-19,737989
Neighborhood 1,2194,3,0,Sep-19,429177
Neighborhood 2,1421,1,0,Sep-19,416355
Neighborhood 2,1409,2,0,Sep-19,638371
Neighborhood 1,2335,2,0,Sep-19,458120
Neighborhood 2,1357,1,0,Sep-19,488802
Neighborhood 2,1603,1,0,Sep-19,365107
Neighborhood 2,1722,1,0,Sep-19,637524
Neighborhood 2,1415,1,0,Sep-19,429518
Neighborhood 2,1414,1,0,Sep-19,435294
Neighborhood 1,2285,2,0,Sep-19,391084
Neighborhood 2,1541,1,0,Sep-19,681283
Neighborhood 2,1268,2,0,Sep-19,465959
Neighborhood 2,1546,1,0,Sep-19,416103
Neighborhood 1,2205,2,0,Sep-19,637946
Neighborhood 1,2179,3,0,Sep-19,725932
Neighborhood 1,2422,2,0,Sep-19,523826
Neighborhood 1,2279,2,1,Sep-19,659898
Neighborhood 2,1745,1,0,Sep-19,425003
Neighborhood 2,1391,1,0,Sep-19,581828
Neighborhood 2,1792,1,0,Sep-19,357153
Neighborhood 2,1850,1,0,Sep-19,448856
Neighborhood 2,1664,1,0,Sep-19,631527
Neighborhood 1,2276,2,0,Sep-19,685723
Neighborhood 2,1398,1,0,Sep-19,593595
Neighborhood 1,2002,2,1,Sep-19,674326
Neighborhood 1,2048,3,0,Sep-19,906068
Neighborhood 1,2133,2,0,Sep-19,625862
Neighborhood 1,2054,3,0,Sep-19,722259
Neighborhood 2,1416,2,0,Sep-19,536768
Neighborhood 2,1548,2,0,Sep-19,614878
Neighborhood 1,2038,4,0,Sep-19,527595
Neighborhood 2,1715,3,0,Sep-19,507885
Neighborhood 1,2127,4,1,Sep-19,593512
Neighborhood 1,2084,3,0,Sep-19,713890
Neighborhood 2,1514,1,0,Sep-19,581447
Neighborhood 2,1843,2,0,Sep-19,397114
Neighborhood 1,2069,2,0,Sep-19,713459
Neighborhood 2,1678,1,0,Sep-19,435592
Neighborhood 2,1401,1,0,Sep-19,515122
Neighborhood 1,2387,2,0,Sep-19,692582
Neighborhood 2,1355,1,0,Sep-19,564760
Neighborhood 1,2132,2,1,Sep-19,639339
Neighborhood 1,2273,2,0,Sep-19,623693
Neighborhood 2,1348,1,0,Sep-19,541208
Neighborhood 1,2083,3,0,Sep-19,492800
Neighborhood 2,1548,1,0,Sep-19,585296
Neighborhood 1,2092,2,0,Sep-19,484113
Neighborhood 2,1602,1,0,Sep-19,537420
Neighborhood 2,1468,1,0,Sep-19,405558
Neighborhood 2,1671,1,0,Sep-19,361133
Neighborhood 2,1419,1,0,Sep-19,595382
Neighborhood 1,2240,2,0,Sep-19,615793
Neighborhood 2,1502,1,0,Sep-19,609842
Neighborhood 2,1586,1,0,Sep-19,366995
Neighborhood 1,2152,3,0,Sep-19,590492
Neighborhood 2,1605,1,0,Sep-19,482737
Neighborhood 1,2175,3,0,Sep-19,617262
Neighborhood 1,2053,2,0,Sep-19,682242
Neighborhood 1,2268,3,0,Sep-19,749106
Neighborhood 2,1303,1,0,Sep-19,408356
Neighborhood 1,2005,2,1,Sep-19,788143
Neighborhood 2,1641,1,0,Sep-19,615981
Neighborhood 2,1636,1,0,Sep-19,586986
Neighborhood 2,1376,1,0,Sep-19,654063
Neighborhood 2,1694,2,0,Sep-19,498148
Neighborhood 2,1630,2,0,Sep-19,588711
Neighborhood 2,1608,1,0,Sep-19,355549
Neighborhood 2,1611,1,0,Sep-19,232170
Neighborhood 1,2167,2,1,Sep-19,619593
Neighborhood 2,1798,1,0,Sep-19,599575
Neighborhood 2,1784,1,0,Sep-19,378945
Neighborhood 1,2193,4,0,Sep-19,628442
Neighborhood 2,1482,1,0,Sep-19,476237
Neighborhood 2,1708,2,0,Sep-19,646983
Neighborhood 1,2395,2,0,Sep-19,633659
Neighborhood 1,2045,2,0,Sep-19,856032
Neighborhood 2,1506,1,0,Sep-19,734776
Neighborhood 1,2431,2,0,Sep-19,748856
Neighborhood 1,2035,2,0,Sep-19,732686
Neighborhood 2,1328,1,0,Sep-19,430633
Neighborhood 2,1669,1,0,Sep-19,470559
Neighborhood 2,1724,1,0,Sep-19,446830
Neighborhood 2,1676,1,0,Sep-19,497520
Neighborhood 1,2063,3,0,Sep-19,588705
Neighborhood 2,1261,1,0,Sep-19,436969
Neighborhood 2,1821,1,0,Sep-19,613622
Neighborhood 2,1445,3,0,Sep-19,409568
Neighborhood 2,1784,1,0,Sep-19,403455
Neighborhood 2,1565,2,0,Sep-19,544553
Neighborhood 2,1809,1,0,Sep-19,530124
Neighborhood 2,1594,1,0,Sep-19,372065
Neighborhood 2,1465,1,0,Sep-19,601956
Neighborhood 2,1592,1,0,Sep-19,387746
Neighborhood 1,2140,2,0,Sep-19,444226
Neighborhood 2,1755,1,0,Sep-19,489930
Neighborhood 2,1268,1,0,Sep-19,696987
Neighborhood 2,1502,2,0,Sep-19,665984
Neighborhood 2,1779,1,0,Sep-19,489907
Neighborhood 2,1433,1,1,Sep-19,685197
Neighborhood 1,2171,3,0,Sep-19,580290
Neighborhood 1,2107,3,0,Sep-19,398677
Neighborhood 2,1462,1,0,Sep-19,542463
Neighborhood 1,2296,2,1,Sep-19,829577
Neighborhood 2,1426,1,0,Sep-19,396102
Neighborhood 1,2312,2,0,Sep-19,785240
Neighborhood 2,1668,1,0,Sep-19,413491
Neighborhood 2,1558,1,0,Sep-19,553640
Neighborhood 2,1357,1,0,Sep-19,669533
Neighborhood 2,1765,3,0,Sep-19,399801
Neighborhood 2,1512,1,0,Sep-19,662071
Neighborhood 2,1727,1,0,Sep-19,651480
Neighborhood 1,2160,3,0,Sep-19,524823
Neighborhood 1,2044,2,0,Sep-19,745504
Neighborhood 1,2351,1,0,Sep-19,577727
Neighborhood 2,2049,2,0,Sep-19,574030
Neighborhood 1,2438,2,0,Sep-19,615934
Neighborhood 1,2269,2,1,Sep-19,726373
Neighborhood 2,1342,1,0,Sep-19,297242
Neighborhood 1,2200,2,0,Sep-19,553344
Neighborhood 2,1472,1,0,Sep-19,271107
Neighborhood 1,2456,2,1,Sep-19,539004
Neighborhood 1,2043,1,0,Sep-19,673351
Neighborhood 1,2327,2,0,Sep-19,647579
Neighborhood 2,1810,1,0,Sep-19,515039
Neighborhood 2,1252,1,0,Sep-19,685022
Neighborhood 2,1445,1,0,Sep-19,535687
Neighborhood 1,2103,2,0,Sep-19,531094
Neighborhood 1,2032,2,0,Sep-19,650606
Neighborhood 2,1595,1,0,Sep-19,431815
Neighborhood 2,1571,3,0,Sep-19,461845
Neighborhood 2,1608,1,0,Sep-19,213462
Neighborhood 1,2141,2,0,Sep-19,621682
Neighborhood 2,1304,1,0,Sep-19,427731
Neighborhood 2,1497,1,0,Sep-19,427181
Neighborhood 2,1354,1,0,Sep-19,343562
Neighborhood 1,2400,2,1,Sep-19,807292
Neighborhood 1,2228,3,0,Sep-19,710474
Neighborhood 1,2087,2,0,Sep-19,702074
Neighborhood 2,1942,1,0,Sep-19,536307
Neighborhood 2,1268,3,0,Sep-19,421150
Neighborhood 2,1637,1,1,Sep-19,364441
Neighborhood 2,1446,1,0,Sep-19,443619
Neighborhood 1,2068,2,0,Sep-19,689765
Neighborhood 2,1686,1,0,Sep-19,506811
Neighborhood 2,2032,1,0,Sep-19,378732
Neighborhood 1,2122,2,0,Sep-19,660051
Neighborhood 1,2072,2,0,Sep-19,504864
Neighborhood 2,1416,1,0,Sep-19,498555
Neighborhood 1,2003,2,0,Sep-19,492040
Neighborhood 1,2105,4,0,Sep-19,610420
Neighborhood 2,1253,1,0,Sep-19,648480
Neighborhood 1,2039,2,1,Sep-19,518304
Neighborhood 1,2323,2,0,Sep-19,482029
Neighborhood 1,2173,2,0,Sep-19,483155
Neighborhood 1,2263,3,1,Sep-19,753785
Neighborhood 2,1603,1,1,Sep-19,571252
Neighborhood 1,2123,2,0,Sep-19,581805
Neighborhood 1,2294,2,0,Sep-19,529672
Neighborhood 2,1315,1,0,Sep-19,477820
Neighborhood 2,1601,1,0,Sep-19,406573
Neighborhood 1,2276,4,0,Sep-19,384527
Neighborhood 2,1295,2,0,Sep-19,487281
Neighborhood 2,1505,1,0,Sep-19,452716
Neighborhood 1,2371,2,1,Sep-19,514009
Neighborhood 1,2239,3,1,Sep-19,664349
Neighborhood 1,2187,3,0,Sep-19,502187
Neighborhood 2,1685,1,0,Sep-19,502169
Neighborhood 1,2449,3,1,Sep-19,779344
Neighborhood 1,2088,2,0,Sep-19,558656
Neighborhood 1,2083,2,0,Sep-19,731484
Neighborhood 2,1660,2,0,Sep-19,354359
Neighborhood 1,2144,2,1,Sep-19,622157
Neighborhood 2,1773,1,0,Sep-19,552995
Neighborhood 2,1494,1,0,Sep-19,515000
Neighborhood 2,1606,1,0,Sep-19,715265
Neighborhood 1,2084,1,0,Sep-19,476967
Neighborhood 2,1301,1,0,Sep-19,414491
Neighborhood 2,1794,1,0,Sep-19,502462
Neighborhood 2,1526,1,0,Sep-19,393883
Neighborhood 1,2403,3,0,Sep-19,501135
Neighborhood 2,1594,1,0,Sep-19,365842
Neighborhood 1,2036,2,0,Sep-19,667701
Neighborhood 2,1351,2,0,Sep-19,436833
Neighborhood 2,1434,1,0,Sep-19,452572
Neighborhood 1,2138,2,0,Sep-19,686830
Neighborhood 1,2245,2,0,Sep-19,710824
Neighborhood 2,1322,1,0,Sep-19,640383
Neighborhood 2,1451,2,0,Sep-19,314701
Neighborhood 2,1404,2,0,Sep-19,284065
Neighborhood 1,2054,3,0,Sep-19,703100
Neighborhood 1,2082,2,0,Sep-19,707900
Neighborhood 2,1603,1,0,Sep-19,484070
Neighborhood 2,1469,1,0,Sep-19,570841
Neighborhood 2,1409,2,0,Sep-19,614080
Neighborhood 1,2453,2,0,Sep-19,578744
Neighborhood 1,2206,3,0,Sep-19,801047
Neighborhood 2,1489,1,0,Sep-19,482006
Neighborhood 1,2130,2,0,Sep-19,608411
Neighborhood 1,2328,2,0,Sep-19,645750
Neighborhood 2,1332,1,0,Sep-19,385011
Neighborhood 2,1791,1,0,Sep-19,329480
Neighborhood 2,1806,3,0,Sep-19,557795
Neighborhood 2,1577,1,0,Sep-19,435980
Neighborhood 2,1449,1,0,Sep-19,406846
Neighborhood 1,2259,3,0,Sep-19,743760
Neighborhood 2,1721,1,0,Sep-19,311311
Neighborhood 1,2033,2,0,Sep-19,743906
Neighborhood 1,2114,2,1,Sep-19,602631
Neighborhood 2,1669,1,0,Sep-19,534355
Neighborhood 2,1400,1,0,Sep-19,504273
Neighborhood 2,1795,2,0,Sep-19,337945
Neighborhood 2,1598,2,0,Sep-19,456006
Neighborhood 2,1532,2,0,Sep-19,718840
Neighborhood 1,2313,3,0,Sep-19,592666
Neighborhood 2,1609,1,0,Sep-19,581615
Neighborhood 2,1557,1,0,Sep-19,448119
Neighborhood 2,1444,1,0,Sep-19,538847
Neighborhood 2,1761,1,0,Sep-19,505213
Neighborhood 1,2018,3,0,Sep-19,591843
Neighborhood 2,1572,2,0,Sep-19,390570
Neighborhood 1,2057,2,0,Sep-19,654243
Neighborhood 2,1519,1,0,Sep-19,398239
Neighborhood 2,1899,1,0,Sep-19,451008
Neighborhood 2,1494,1,0,Sep-19,553072
Neighborhood 2,1637,1,0,Sep-19,618131
Neighborhood 2,1450,1,0,Sep-19,264775
Neighborhood 2,1237,1,0,Sep-19,294990
Neighborhood 1,2271,2,0,Sep-19,797258
Neighborhood 1,2133,2,1,Sep-19,586787
Neighborhood 2,1397,2,0,Sep-19,276696
Neighborhood 1,2043,2,0,Sep-19,539140
Neighborhood 2,1629,1,0,Sep-19,570623
Neighborhood 2,1428,1,0,Sep-19,682249
Neighborhood 2,1579,1,0,Sep-19,525235
Neighborhood 2,1621,1,0,Sep-19,478677
Neighborhood 2,1424,1,0,Sep-19,598702
Neighborhood 2,1548,1,0,Sep-19,349641
Neighborhood 2,1565,3,0,Sep-19,528453
Neighborhood 1,2546,3,0,Sep-19,624850
Neighborhood 1,2008,3,0,Sep-19,601489
Neighborhood 2,1646,1,0,Sep-19,426389
Neighborhood 2,1332,1,0,Sep-19,436507
Neighborhood 2,1654,2,0,Sep-19,385113
Neighborhood 1,2280,3,0,Sep-19,646837
Neighborhood 1,2242,3,0,Sep-19,903713
Neighborhood 1,2070,2,0,Sep-19,485232
Neighborhood 1,2187,2,0,Sep-19,700793
Neighborhood 2,1794,1,0,Sep-19,595640
Neighborhood 1,2427,2,0,Sep-19,615631
Neighborhood 1,2249,2,0,Sep-19,408998
Neighborhood 1,2404,2,0,Sep-19,649647
Neighborhood 1,2117,2,0,Sep-19,682084
